歌单名称,播放量,歌单链接,用户名称,用户链接
【大叔嗓精选集】是谁的嗓音俘获你的心,956万,https://music.163.com/#/playlist?id=128995744,黄彦纲,https://music.163.com/#/user/home?id=39101439
【经典老歌 甜歌】70.80年代车载老歌,956万,https://music.163.com/#/playlist?id=2469909874,清鸳呀,https://music.163.com/#/user/home?id=543667287
【怀旧经典】向7080年代经典致敬,951万,https://music.163.com/#/playlist?id=2148882530,懵懂月明,https://music.163.com/#/user/home?id=1322601331
那年那月的美好回忆——经典老歌,734万,https://music.163.com/#/playlist?id=104977512,bmsan809,https://music.163.com/#/user/home?id=19337824
90后80后70后回忆经典老歌,589万,https://music.163.com/#/playlist?id=967654996,忧神音乐,https://music.163.com/#/user/home?id=624809612
买买提托合塔·萨塔尔,533万,https://music.163.com/#/playlist?id=2332360988,NURHAN808,https://music.163.com/#/user/home?id=1357054332
怀旧金曲 经典老歌,396万,https://music.163.com/#/playlist?id=86861264,帐号已注销,https://music.163.com/#/user/home?id=46382084
Askar Muhtar Taxmamat-Batur,355万,https://music.163.com/#/playlist?id=417517202,DJHANGE,https://music.163.com/#/user/home?id=255325880
罗大佑网易所有现存歌曲正序集,299万,https://music.163.com/#/playlist?id=830419974,海东青_vach,https://music.163.com/#/user/home?id=55879681
（超级经典宝丽金）,280万,https://music.163.com/#/playlist?id=2046215519,别在意住在心里,https://music.163.com/#/user/home?id=80396651
70后80后经典老歌，国语流行金曲记忆！,260万,https://music.163.com/#/playlist?id=720833877,青春梦享,https://music.163.com/#/user/home?id=90529133
其实人间尽耳聋——黄霑,244万,https://music.163.com/#/playlist?id=439967645,不文周,https://music.163.com/#/user/home?id=93226764
70后80后90后♥♛♥经典老歌,218万,https://music.163.com/#/playlist?id=3046992723,_almas_007,https://music.163.com/#/user/home?id=2020767126
在70年代后流行的歌曲【经典老歌】,176万,https://music.163.com/#/playlist?id=39250989,米虫-小蚊子丶一只呆雯纸,https://music.163.com/#/user/home?id=896790
【印度影视经典歌曲*{心碎的感觉}】,159万,https://music.163.com/#/playlist?id=2408025878,帐号已注销,https://music.163.com/#/user/home?id=77238183
Kǐzǐlgǔl♥♢♛♢♥PǔrǎYdǔ,150万,https://music.163.com/#/playlist?id=3123216987,_almas_007,https://music.163.com/#/user/home?id=2020767126
怀旧粤语经典金曲老歌,146万,https://music.163.com/#/playlist?id=22029303,Paullily,https://music.163.com/#/user/home?id=19810900
80后经典老歌（然大大持续更新）,145万,https://music.163.com/#/playlist?id=2233403909,wuli然然然然,https://music.163.com/#/user/home?id=530006141
香港经典粤语老歌,144万,https://music.163.com/#/playlist?id=138458310,仆街你咪走,https://music.163.com/#/user/home?id=77572349
爸爸妈妈的歌（60.70后）,142万,https://music.163.com/#/playlist?id=110997780,明月x,https://music.163.com/#/user/home?id=81796648
野狼王的士高『经典』,133万,https://music.163.com/#/playlist?id=113847891,帐号已注销,https://music.163.com/#/user/home?id=46382084
六七十年代，给爸妈珍藏,132万,https://music.163.com/#/playlist?id=2199355170,刘玉虔,https://music.163.com/#/user/home?id=343794973
宝丽金难忘的回忆精选,121万,https://music.163.com/#/playlist?id=53767306,鹰与星,https://music.163.com/#/user/home?id=40963909
极致人声发烧（精华）车载无损,116万,https://music.163.com/#/playlist?id=2441587846,海怪入世,https://music.163.com/#/user/home?id=122779646
80年代华语流行♨️歌曲！记忆,105万,https://music.163.com/#/playlist?id=624864452,Aynur812,https://music.163.com/#/user/home?id=36319763
记忆中猛士的士高杂集,104万,https://music.163.com/#/playlist?id=22472683,wildlife1998,https://music.163.com/#/user/home?id=3182708
70 80年代经典老歌,103万,https://music.163.com/#/playlist?id=6599198839,苏小番,https://music.163.com/#/user/home?id=1958368624
发烧 三分频 无损还原,95万,https://music.163.com/#/playlist?id=2970449118,黒暴徒,https://music.163.com/#/user/home?id=622940558
60、70、80、90年代欧美金曲,94万,https://music.163.com/#/playlist?id=744145413,蓝和橙,https://music.163.com/#/user/home?id=335215388
【韩】请回答1988 收录曲,90万,https://music.163.com/#/playlist?id=124257450,wang-yu1994,https://music.163.com/#/user/home?id=16486046
【张学友】精挑细选,85万,https://music.163.com/#/playlist?id=73700749,jack樂,https://music.163.com/#/user/home?id=55192196
80年代的粤语经典,80万,https://music.163.com/#/playlist?id=23996706,优化大师,https://music.163.com/#/user/home?id=18999697
中国歌典1950's～1990's——老一辈的音乐,80万,https://music.163.com/#/playlist?id=93836662,鱼干干w,https://music.163.com/#/user/home?id=16683099
ahmatjan彡BODAK,79万,https://music.163.com/#/playlist?id=3184444220,khr1108,https://music.163.com/#/user/home?id=384645621
♥Sǒrǎtlǐk♛Nǎhxǎ♥*MTV*,72万,https://music.163.com/#/playlist?id=3077083480,_almas_007,https://music.163.com/#/user/home?id=2020767126
【大街小巷系列】经典怀旧金曲！,71万,https://music.163.com/#/playlist?id=72484867,_纵_身-一_跃,https://music.163.com/#/user/home?id=52361894
自用日常循环邓丽君,70万,https://music.163.com/#/playlist?id=316338663,青甜i,https://music.163.com/#/user/home?id=33068350
【发烧红歌更加红】HiFi高保真的音质,67万,https://music.163.com/#/playlist?id=129651543,马文威,https://music.163.com/#/user/home?id=57986708
60后怀旧歌曲老歌,67万,https://music.163.com/#/playlist?id=6895338107,ywsooo,https://music.163.com/#/user/home?id=130377576
桃李春风一杯酒，江湖夜雨十年灯,67万,https://music.163.com/#/playlist?id=101478754,阿茶YS,https://music.163.com/#/user/home?id=6949725
这才是爸妈想要的广场舞歌单！,67万,https://music.163.com/#/playlist?id=36822225,RYLIA233,https://music.163.com/#/user/home?id=33022104
旧日重现 | 广播里的70年代,66万,https://music.163.com/#/playlist?id=6845730053,云音乐经典专区,https://music.163.com/#/user/home?id=5077557753
的士高/猛士/野人王/凤舞九天/精选,62万,https://music.163.com/#/playlist?id=382863650,城墙上的守夜人,https://music.163.com/#/user/home?id=105568799
‖蹦迪纯音乐♥️♛♥DJDJ‖,62万,https://music.163.com/#/playlist?id=3084009632,_almas_007,https://music.163.com/#/user/home?id=2020767126
一百首好听的粤语歌推荐（怀旧篇）,61万,https://music.163.com/#/playlist?id=57983047,鹰与星,https://music.163.com/#/user/home?id=40963909
零碎的情绪破碎的我,60万,https://music.163.com/#/playlist?id=5032635377,恩恩你说的都对_,https://music.163.com/#/user/home?id=3270501582
八零后九零后经典老歌❤️,59万,https://music.163.com/#/playlist?id=2995435521,捉猫的汤姆,https://music.163.com/#/user/home?id=1393959320
『维吾尔 经典老牌子歌曲』,59万,https://music.163.com/#/playlist?id=2749104515,Crown_EA7,https://music.163.com/#/user/home?id=263531926
◇ 温情歌后辑◇ 很老很有情,58万,https://music.163.com/#/playlist?id=20529189,阿茶YS,https://music.163.com/#/user/home?id=6949725
大人，时代变了,58万,https://music.163.com/#/playlist?id=2585817411,M1nooos,https://music.163.com/#/user/home?id=134069403
经典老歌【精品】70 80 90,57万,https://music.163.com/#/playlist?id=7572984766,一只魚l_3,https://music.163.com/#/user/home?id=621118881
Kǐzǐlgǔl♥♢♛♢♥PǔrǎYdǔ,57万,https://music.163.com/#/playlist?id=3180083881,_almas_007,https://music.163.com/#/user/home?id=2020767126
老歌｜60后70后经典老歌,56万,https://music.163.com/#/playlist?id=4936835343,海岸之鱼,https://music.163.com/#/user/home?id=76486201
六七十年代歌曲集百年珍藏,55万,https://music.163.com/#/playlist?id=436336230,时光岁月留声机,https://music.163.com/#/user/home?id=15741182
爸爸那辈的歌丶,55万,https://music.163.com/#/playlist?id=61069982,吾名为机智丶,https://music.163.com/#/user/home?id=31764651
Abdulla Abdurehim阿不都拉,55万,https://music.163.com/#/playlist?id=2767992127,小杜-媒体,https://music.163.com/#/user/home?id=1416029823
回不去的，80年代（1980-1989）,55万,https://music.163.com/#/playlist?id=31493873,银河系追光者,https://music.163.com/#/user/home?id=8889489
香港粤语经典老歌,53万,https://music.163.com/#/playlist?id=649952921,楠田由利香,https://music.163.com/#/user/home?id=345228321
eli halik nahxiliri,53万,https://music.163.com/#/playlist?id=3180754393,xirzat629,https://music.163.com/#/user/home?id=1290581020
8090经典电视剧金曲,52万,https://music.163.com/#/playlist?id=2379630214,萧遥子的怀旧,https://music.163.com/#/user/home?id=1567229843
Tursungul Kadir吐逊古丽,52万,https://music.163.com/#/playlist?id=3111957443,Tursungul_Kadir,https://music.163.com/#/user/home?id=2058356908
70-90年代经典金曲华语怀旧老歌,51万,https://music.163.com/#/playlist?id=409155460,CROWN_Fei,https://music.163.com/#/user/home?id=295660814
Eason陈奕迅粤语歌,50万,https://music.163.com/#/playlist?id=29680068,脚趾勇哥,https://music.163.com/#/user/home?id=9324498
【怀旧】流光岁月,50万,https://music.163.com/#/playlist?id=78448263,DJ米勒,https://music.163.com/#/user/home?id=33336813
Hoxur-Kari 民歌,49万,https://music.163.com/#/playlist?id=5454149484,米尔阿迪力江-Mutallip,https://music.163.com/#/user/home?id=1924039324
『citypop』日本泡沫经济时代最迷人的旋律,47万,https://music.163.com/#/playlist?id=3121189683,櫛垣,https://music.163.com/#/user/home?id=302276918
耳熟能响的，怀旧经典老歌,47万,https://music.163.com/#/playlist?id=2940158459,张之谦a,https://music.163.com/#/user/home?id=1818060993
闽南语经典老歌&精选珍藏,46万,https://music.163.com/#/playlist?id=1995040853,XinChao_,https://music.163.com/#/user/home?id=469243478
【给爸爸妈妈听的歌】60后70后年代经典怀旧,46万,https://music.163.com/#/playlist?id=495968773,咀籁音华,https://music.163.com/#/user/home?id=325175553
jahangirr,46万,https://music.163.com/#/playlist?id=720535016,HAYATI0,https://music.163.com/#/user/home?id=319433282
80年代录音机里的港台经典老歌,45万,https://music.163.com/#/playlist?id=377180117,金爷BJ,https://music.163.com/#/user/home?id=256410981
♥Sǒrǎtlǐk♛Nǎhxǎ♥*MTV*,45万,https://music.163.com/#/playlist?id=3123258726,_almas_007,https://music.163.com/#/user/home?id=2020767126
张学友演唱会全集,42万,https://music.163.com/#/playlist?id=22296364,帐号已注销,https://music.163.com/#/user/home?id=1221334
香港七八十年代粤语经典歌曲,40万,https://music.163.com/#/playlist?id=645207238,虎门三中02届初三2班戴云辉,https://music.163.com/#/user/home?id=3198055
陈慧娴金曲精选,40万,https://music.163.com/#/playlist?id=39699815,ArLam,https://music.163.com/#/user/home?id=3328301
广东的士大佬车载电台经典怀旧粤语歌曲集,39万,https://music.163.com/#/playlist?id=118800349,极地饿狼,https://music.163.com/#/user/home?id=44166098
老年人喜欢的歌曲【50 60 70年代,38万,https://music.163.com/#/playlist?id=2242420193,情深花哽,https://music.163.com/#/user/home?id=287289755
Bahtiyar Tayir拜合提亚尔,38万,https://music.163.com/#/playlist?id=4944125844,小杜-媒体,https://music.163.com/#/user/home?id=1416029823
【华语】老歌金曲集锦,38万,https://music.163.com/#/playlist?id=2285545742,意志1933,https://music.163.com/#/user/home?id=427592024
邓丽君●如果没有遇见你,38万,https://music.163.com/#/playlist?id=99719019,玲lingczzzz,https://music.163.com/#/user/home?id=54000835
经典荷东的士高精选,37万,https://music.163.com/#/playlist?id=95857709,Liyaaaaa磊,https://music.163.com/#/user/home?id=83721979
黄梅戏.民.山歌.小调7.8.90年代回忆合集,37万,https://music.163.com/#/playlist?id=929320217,三清仙君,https://music.163.com/#/user/home?id=490675405
老司机董路发车歌单,35万,https://music.163.com/#/playlist?id=490240953,asmoke,https://music.163.com/#/user/home?id=409980
爸爸媽媽的老情懷,35万,https://music.163.com/#/playlist?id=47584458,TMALOSEPIN_1002,https://music.163.com/#/user/home?id=7352423
粤语歌是一种人生奠基。,34万,https://music.163.com/#/playlist?id=13413770,MissSek_,https://music.163.com/#/user/home?id=16558408
不落的经典，不落的旋律,30万,https://music.163.com/#/playlist?id=11865742,音腻云端,https://music.163.com/#/user/home?id=15574840
妈妈爱听的歌,30万,https://music.163.com/#/playlist?id=810368478,种麦子的猫,https://music.163.com/#/user/home?id=103329433
往事只能回味,29万,https://music.163.com/#/playlist?id=2355042459,能让大家记住的昵称,https://music.163.com/#/user/home?id=318589300
‖Kǒnǎ90♥♛♥GǐTTǎR‖,29万,https://music.163.com/#/playlist?id=3169718621,_almas_007,https://music.163.com/#/user/home?id=2020767126
◇世纪歌王辑◇ 经典回味,29万,https://music.163.com/#/playlist?id=20529360,阿茶YS,https://music.163.com/#/user/home?id=6949725
香港70、80、90年代经典粤语金曲,28万,https://music.163.com/#/playlist?id=736461465,yy俊坚,https://music.163.com/#/user/home?id=135331329
7080年代经典台湾民谣,28万,https://music.163.com/#/playlist?id=41274169,小丝儿NOWHERE,https://music.163.com/#/user/home?id=18992182
Mug-Duttar Nahxilar,28万,https://music.163.com/#/playlist?id=5467584023,alimjan-625,https://music.163.com/#/user/home?id=1341781682
【70年代】现象级邓丽君,28万,https://music.163.com/#/playlist?id=25075775,tsh23,https://music.163.com/#/user/home?id=10115556
梦幻西游-游戏原声-梦幻西游游戏背景音乐,27万,https://music.163.com/#/playlist?id=380701138,世间萧索,https://music.163.com/#/user/home?id=253065695
小胖最爱的waacking歌单~,27万,https://music.163.com/#/playlist?id=172129838,甩手臂顺便打个pop,https://music.163.com/#/user/home?id=111934713
因为你是林忆莲,27万,https://music.163.com/#/playlist?id=43739416,鹰与星,https://music.163.com/#/user/home?id=40963909
【粤金典】七八零年的往昔纯真的年代。,26万,https://music.163.com/#/playlist?id=7626009429,是王建国,https://music.163.com/#/user/home?id=346021475
还有多少个十年来聆听经典,26万,https://music.163.com/#/playlist?id=37893452,跑调大王之王,https://music.163.com/#/user/home?id=40821841
公园健步走音乐（暴走队）,25万,https://music.163.com/#/playlist?id=5002945417,漂亮的小富婆,https://music.163.com/#/user/home?id=344560605
70年代生人味觉,24万,https://music.163.com/#/playlist?id=110950360,云度之南,https://music.163.com/#/user/home?id=91354200
KTV经典老歌,24万,https://music.163.com/#/playlist?id=46527111,渭中石,https://music.163.com/#/user/home?id=36701456
八九十年代的歌曲，八九十年代的生活,23万,https://music.163.com/#/playlist?id=2875054084,丶仟道,https://music.163.com/#/user/home?id=1519937354
台湾滚石唱片40年精选,23万,https://music.163.com/#/playlist?id=5452631839,杏花梅雨江南,https://music.163.com/#/user/home?id=1468665890
怀旧港曲、台曲，一颗赤子心,23万,https://music.163.com/#/playlist?id=108820937,音乐遇见自由,https://music.163.com/#/user/home?id=50927011
醉美女声 车载经典,23万,https://music.163.com/#/playlist?id=54966263,微醺的感觉,https://music.163.com/#/user/home?id=48640198
这些老歌，曾经无比流行，如今依旧,23万,https://music.163.com/#/playlist?id=102288382,KengooBlast,https://music.163.com/#/user/home?id=65412427
九十年代我们歌中的青春-港台,23万,https://music.163.com/#/playlist?id=4169309,风一样的青春,https://music.163.com/#/user/home?id=1166467
过年必听：35年春晚歌曲全收录,23万,https://music.163.com/#/playlist?id=2103192123,刘网易呀,https://music.163.com/#/user/home?id=121663371
香港粤语经典歌曲,22万,https://music.163.com/#/playlist?id=814034498,与秋麋鹿,https://music.163.com/#/user/home?id=490671758
70.80后，曾经的经典～手抄歌词……有没有,22万,https://music.163.com/#/playlist?id=25548304,江右,https://music.163.com/#/user/home?id=833681
80年代的士高霹雳舞,22万,https://music.163.com/#/playlist?id=103737510,战地记者果子狸,https://music.163.com/#/user/home?id=61809944
这些年的那些乐队组合,22万,https://music.163.com/#/playlist?id=61797106,徐小傻先森,https://music.163.com/#/user/home?id=402717
【经典珍藏KTV必点】粤语老歌,21万,https://music.163.com/#/playlist?id=2793405460,Drift-XX,https://music.163.com/#/user/home?id=1294852587
《沸腾跨世纪》哈哈哈哈哈,21万,https://music.163.com/#/playlist?id=7220745616,十四板凳,https://music.163.com/#/user/home?id=327740771
经典老歌|免费下载重温好旋律,20万,https://music.163.com/#/playlist?id=4960778264,包装自己,https://music.163.com/#/user/home?id=515616902
70～90年代日本流行曲,20万,https://music.163.com/#/playlist?id=462813173,q_Ringo_p,https://music.163.com/#/user/home?id=285321134
‘生于七十年代，记忆中的经典’,20万,https://music.163.com/#/playlist?id=105003672,卜算子丶陌生的尘埃,https://music.163.com/#/user/home?id=9413618
【阿不都拉】Abdulla Abdurehim,20万,https://music.163.com/#/playlist?id=2242361690,Yusupjan-Official,https://music.163.com/#/user/home?id=606137458
70后最喜爱的国语经典-港台,20万,https://music.163.com/#/playlist?id=1573504,如沐清风,https://music.163.com/#/user/home?id=381407
你没听过的Beyond日文版,20万,https://music.163.com/#/playlist?id=17390934,爱老歌的敏,https://music.163.com/#/user/home?id=666268
九十年代我们歌中的青春-大陆,20万,https://music.163.com/#/playlist?id=10486648,风一样的青春,https://music.163.com/#/user/home?id=1166467
王杰，你征服了世界巜经典》至:我最爱的人,19万,https://music.163.com/#/playlist?id=79108837,过路人7716,https://music.163.com/#/user/home?id=69754842
那些快要被遗忘的歌声,19万,https://music.163.com/#/playlist?id=59443697,鹰与星,https://music.163.com/#/user/home?id=40963909
华语怀旧经典老歌,19万,https://music.163.com/#/playlist?id=537914912,Xavierzhu,https://music.163.com/#/user/home?id=71368966
妈妈爱听广场舞（非DJ版）,19万,https://music.163.com/#/playlist?id=28934240,往生堂丶胡桃,https://music.163.com/#/user/home?id=33503503
经典怀旧｜染指流年重温70年代情,18万,https://music.163.com/#/playlist?id=7767082789,杨大叔呢,https://music.163.com/#/user/home?id=469700220
经典英文老歌【我的少年记忆】,18万,https://music.163.com/#/playlist?id=77781468,南岸one,https://music.163.com/#/user/home?id=69977480
70后老爹车载 （草原 | 红歌 | 经典老歌DJ),18万,https://music.163.com/#/playlist?id=3210716088,小鱼儿Yver,https://music.163.com/#/user/home?id=580859885
一条大河波浪宽 风吹稻花香两岸,17万,https://music.163.com/#/playlist?id=69141355,nikey,https://music.163.com/#/user/home?id=1360340
唱响中国经典老歌166,17万,https://music.163.com/#/playlist?id=96371592,BaoSen111,https://music.163.com/#/user/home?id=56926395
一起走过的日子,17万,https://music.163.com/#/playlist?id=11325305,茶在杯中沉,https://music.163.com/#/user/home?id=14191156
70后的美好时光,16万,https://music.163.com/#/playlist?id=106605639,星之海阔天空,https://music.163.com/#/user/home?id=52117274
那些遥远记忆中的旋律,16万,https://music.163.com/#/playlist?id=4508032,风一样的青春,https://music.163.com/#/user/home?id=1166467
金典老歌最怀旧,16万,https://music.163.com/#/playlist?id=91909629,丁宫崎骏,https://music.163.com/#/user/home?id=52171657
一人一首成名曲！90后的70.80情结。,16万,https://music.163.com/#/playlist?id=99827751,入夜来临时恐惧着,https://music.163.com/#/user/home?id=80091227
☸elijangupur喀什流行歌手☸,15万,https://music.163.com/#/playlist?id=8214057787,Nabijan-urayim-Alshadi,https://music.163.com/#/user/home?id=3930930215
父母听的60、70、80年代经典歌曲,15万,https://music.163.com/#/playlist?id=172138812,头号玩家_1hhJ,https://music.163.com/#/user/home?id=19615857
【惊奇队长】：听脏摇滚的酷女孩,15万,https://music.163.com/#/playlist?id=2698987683,灵伟,https://music.163.com/#/user/home?id=59073
54首华语歌曲排行榜,15万,https://music.163.com/#/playlist?id=486433252,hehuan7018,https://music.163.com/#/user/home?id=72194233
珍藏【台湾酒廊情调】国语闽南语清晰小调,15万,https://music.163.com/#/playlist?id=316009921,马文威,https://music.163.com/#/user/home?id=57986708
留声机.老上海,15万,https://music.163.com/#/playlist?id=70149851,提一盏灯_椿酿芋圆,https://music.163.com/#/user/home?id=44718037
90年代歌坛玉女经典回顾,15万,https://music.163.com/#/playlist?id=23370404,太阳汽水1999,https://music.163.com/#/user/home?id=2073836
回忆经典「开往青葱岁月的列车」,14万,https://music.163.com/#/playlist?id=2630076863,是王建国,https://music.163.com/#/user/home?id=346021475
岁月留声｜经典重温，怀旧70年代,14万,https://music.163.com/#/playlist?id=8243966006,xxxjchh,https://music.163.com/#/user/home?id=2008105954
80-90年代香港女歌手名曲,14万,https://music.163.com/#/playlist?id=456963943,玫瑰人生nn,https://music.163.com/#/user/home?id=293628324
上世纪80’90’年代的国语经典老歌,14万,https://music.163.com/#/playlist?id=68014987,密斯特温,https://music.163.com/#/user/home?id=6943730
记忆•70-80年代那些熟悉的老歌,14万,https://music.163.com/#/playlist?id=26463512,尼郎,https://music.163.com/#/user/home?id=9124723
【纵贯线】四个老男人的故事,13万,https://music.163.com/#/playlist?id=906942555,意志1933,https://music.163.com/#/user/home?id=427592024
影视配乐丨西部电影史诗级配乐,13万,https://music.163.com/#/playlist?id=90013480,音乐鉴赏师,https://music.163.com/#/user/home?id=18062917
和我一起在社会主义的道路上走一走,13万,https://music.163.com/#/playlist?id=173813790,旭日冉冉-,https://music.163.com/#/user/home?id=126600014
粤语老歌经典耐听 怀旧 车载 60708090后,12万,https://music.163.com/#/playlist?id=2513648383,鲍勃fu勒了,https://music.163.com/#/user/home?id=353230770
齐秦，70后永远的记忆,12万,https://music.163.com/#/playlist?id=95061183,coherentwave,https://music.163.com/#/user/home?id=54430448
谭咏麟国语金曲精选,12万,https://music.163.com/#/playlist?id=2066771510,侠岛虾客,https://music.163.com/#/user/home?id=92893638
经典迪斯科！ 怀旧抖腿！,12万,https://music.163.com/#/playlist?id=103091005,EFG98MQG,https://music.163.com/#/user/home?id=37501428
那一天，我们一起在同学会唱首歌吧,12万,https://music.163.com/#/playlist?id=74630862,枫桥丶丶丶,https://music.163.com/#/user/home?id=68817037
每一首都是满满的回忆,12万,https://music.163.com/#/playlist?id=95701929,饶舌天王一丞相,https://music.163.com/#/user/home?id=79600557
给老人、老歌50.60后,12万,https://music.163.com/#/playlist?id=601805865,突然想到理想介个词,https://music.163.com/#/user/home?id=131511946
【50/60年代】爷爷奶奶们必听的歌,12万,https://music.163.com/#/playlist?id=750488748,七岁_艺菲,https://music.163.com/#/user/home?id=469899337
70~80s reminiscence,12万,https://music.163.com/#/playlist?id=5886797,所以在你背负的习惯里终将成熟,https://music.163.com/#/user/home?id=3737678
【五年高考三年模拟】,11万,https://music.163.com/#/playlist?id=499687058,玩儿少爷,https://music.163.com/#/user/home?id=265473283
军旅民歌精选,11万,https://music.163.com/#/playlist?id=2275676,怀旧的大头,https://music.163.com/#/user/home?id=1727299
经典之所以经典,11万,https://music.163.com/#/playlist?id=79707286,昕昕语,https://music.163.com/#/user/home?id=430044
7080后单曲循环的经典老歌,11万,https://music.163.com/#/playlist?id=41938727,王倩1986,https://music.163.com/#/user/home?id=46854141
九十年代的歌,11万,https://music.163.com/#/playlist?id=143739896,北京小乌龟,https://music.163.com/#/user/home?id=42830600
经典极品车载音乐,11万,https://music.163.com/#/playlist?id=20612991,帐号已注销,https://music.163.com/#/user/home?id=1221334
【老歌】国语老歌经典,11万,https://music.163.com/#/playlist?id=97951225,小白起飞咯,https://music.163.com/#/user/home?id=76794710
雕刻时光，怀恋老歌,11万,https://music.163.com/#/playlist?id=83152200,阿万万i,https://music.163.com/#/user/home?id=41523885
香港「神仙打架的七八零年代」粵金曲,10万,https://music.163.com/#/playlist?id=7625987354,是王建国,https://music.163.com/#/user/home?id=346021475
陈百强经典歌曲，百听不厌,10万,https://music.163.com/#/playlist?id=4986241763,佳佳婚纱,https://music.163.com/#/user/home?id=500610083
爸爸妈妈喜欢的歌,10万,https://music.163.com/#/playlist?id=869351379,Kepler-卢较瘦,https://music.163.com/#/user/home?id=289465354
70.80♡JapanMusic♡昭和时代,10万,https://music.163.com/#/playlist?id=804199841,盛大童年_彩虹岛Online_超级跑跑,https://music.163.com/#/user/home?id=355399748
红色 党建 团委活动歌单（纯音乐）,10万,https://music.163.com/#/playlist?id=7442949563,禾口山大王,https://music.163.com/#/user/home?id=74487025
粤语小调/粤剧/港岛民歌/中国风,10万,https://music.163.com/#/playlist?id=1982474185,帐号已注销,https://music.163.com/#/user/home?id=437728739
粤语 | 长生花开,10万,https://music.163.com/#/playlist?id=33878819,凡珂立言,https://music.163.com/#/user/home?id=16464380
刘文正 三月里的小雨,10万,https://music.163.com/#/playlist?id=308748594,coffee_7777,https://music.163.com/#/user/home?id=54609927
重返二十世纪。华语经典老歌70、80后的记忆,10万,https://music.163.com/#/playlist?id=40498347,漂泊的毕力格,https://music.163.com/#/user/home?id=31499065
BBQ烧烤派对必备,98669,https://music.163.com/#/playlist?id=25669351,SIMONSTER,https://music.163.com/#/user/home?id=5791060
荷东猛士的士高 『系列集歌单』,97846,https://music.163.com/#/playlist?id=4869382489,帐号已注销,https://music.163.com/#/user/home?id=306920671
雅致蔡琴 · 70/80年代,95326,https://music.163.com/#/playlist?id=30040231,tsh23,https://music.163.com/#/user/home?id=10115556
歌声飘过三十年,93089,https://music.163.com/#/playlist?id=54995165,寂北,https://music.163.com/#/user/home?id=39788181
70年代麻麻粑粑的最爱,92381,https://music.163.com/#/playlist?id=31443006,我是噜噜噜啦,https://music.163.com/#/user/home?id=1802535
「等你穿过暴风雨，你就不再是那个人」,90311,https://music.163.com/#/playlist?id=691414583,琦琦_是大王,https://music.163.com/#/user/home?id=132195586
老妈喜欢系列,88975,https://music.163.com/#/playlist?id=100925252,De1icate-,https://music.163.com/#/user/home?id=86233346
叔的世界你不懂,88891,https://music.163.com/#/playlist?id=74214194,用户60856164,https://music.163.com/#/user/home?id=60856164
繁花落尽•淡看江湖路（70/80年代）,88811,https://music.163.com/#/playlist?id=41642697,阿茶YS,https://music.163.com/#/user/home?id=6949725
适合和爸妈一起听的歌,88190,https://music.163.com/#/playlist?id=30601167,TheManWhoBoughtTheWorld,https://music.163.com/#/user/home?id=8080039
爸爸扛着收音机抖腿,88018,https://music.163.com/#/playlist?id=2383609095,李沛千阿,https://music.163.com/#/user/home?id=428407496
爸妈那个年代的歌曲还是很好听的,87955,https://music.163.com/#/playlist?id=113710424,小施主丶丶,https://music.163.com/#/user/home?id=53113320
怀旧-经典女声港乐【粤金曲】,86506,https://music.163.com/#/playlist?id=7626440623,是王建国,https://music.163.com/#/user/home?id=346021475
月光还是少年的月光,81344,https://music.163.com/#/playlist?id=6993893923,是你最爱的辰辰,https://music.163.com/#/user/home?id=2103571771
Patigul Husayin帕提古丽,80466,https://music.163.com/#/playlist?id=4944136645,小杜-媒体,https://music.163.com/#/user/home?id=1416029823
MJ家族，新星登场？,80008,https://music.163.com/#/playlist?id=565296889,灵伟,https://music.163.com/#/user/home?id=59073
爸妈的青春  我的童年,78983,https://music.163.com/#/playlist?id=100802184,名曰3石,https://music.163.com/#/user/home?id=58900355
你耳朵里有耳屎,78920,https://music.163.com/#/playlist?id=2209199704,奇怪的保安,https://music.163.com/#/user/home?id=266629900
没有一代人的青春是容易的,78593,https://music.163.com/#/playlist?id=8939549,完美的灵魂,https://music.163.com/#/user/home?id=136616
POP MUSIC,77245,https://music.163.com/#/playlist?id=2348103406,OBON_FM,https://music.163.com/#/user/home?id=355192800
八十年代迪厅舞曲,77219,https://music.163.com/#/playlist?id=587814937,金融爵士,https://music.163.com/#/user/home?id=37015652
70后，80后才听过的情歌，甜歌,76593,https://music.163.com/#/playlist?id=3759849,幽然茶韵,https://music.163.com/#/user/home?id=218255
唱支山歌给党听,75741,https://music.163.com/#/playlist?id=3001215079,重光_G9gK,https://music.163.com/#/user/home?id=613509811
给爸爸的播放机，经典可免费下载的老歌,75355,https://music.163.com/#/playlist?id=813375426,饭布斯,https://music.163.com/#/user/home?id=90062334
2003-2005年網絡流行歌曲,74849,https://music.163.com/#/playlist?id=51306468,南天紫雲,https://music.163.com/#/user/home?id=26992178
太经典的老歌,72409,https://music.163.com/#/playlist?id=24820744,金咿,https://music.163.com/#/user/home?id=30844274
70~80年代华语经典,66929,https://music.163.com/#/playlist?id=54637453,Jiav_Tang,https://music.163.com/#/user/home?id=37690282
迟志强《悔恨的泪》,66522,https://music.163.com/#/playlist?id=946056981,时光岁月留声机,https://music.163.com/#/user/home?id=15741182
既然青春留不住-李宗盛-武汉演唱会,65938,https://music.163.com/#/playlist?id=34101422,symbo,https://music.163.com/#/user/home?id=2727295
金凯瑞星期日夜 80年代经典迪斯科 歌舞厅,65821,https://music.163.com/#/playlist?id=5086929897,SzpilmanWu,https://music.163.com/#/user/home?id=291668674
那些泛黄的九零年代,64657,https://music.163.com/#/playlist?id=47194361,纽芬兰人,https://music.163.com/#/user/home?id=8671814
旋律优美的70后老歌,63876,https://music.163.com/#/playlist?id=18905030,动物园女看守,https://music.163.com/#/user/home?id=804366
台湾经典歌曲,63313,https://music.163.com/#/playlist?id=2399768444,零点肆叁壹贰伍捌,https://music.163.com/#/user/home?id=30871648
O U T R U N,63065,https://music.163.com/#/playlist?id=5308420158,動態編譯1983,https://music.163.com/#/user/home?id=92017705
百听不厌的伤感歌曲,62536,https://music.163.com/#/playlist?id=19359907,70后老妞,https://music.163.com/#/user/home?id=20576082
7080年代经典老歌,62498,https://music.163.com/#/playlist?id=96623969,阡羽哥哥,https://music.163.com/#/user/home?id=50651709
香港十大中文金曲1988-1992,61276,https://music.163.com/#/playlist?id=23734133,DarwinWong,https://music.163.com/#/user/home?id=11775894
可惜我是狮子座,61255,https://music.163.com/#/playlist?id=2398828002,7-媛,https://music.163.com/#/user/home?id=1286888254
「摇滚」摇滚它爆炸 它温柔,60772,https://music.163.com/#/playlist?id=2728192787,Anya_PF,https://music.163.com/#/user/home?id=1682103181
粤语烂大街精选,60474,https://music.163.com/#/playlist?id=58274729,把我往左边挪,https://music.163.com/#/user/home?id=40999342
华语--一人一首成名曲（女人篇）,60013,https://music.163.com/#/playlist?id=4224494,乐伴歌声,https://music.163.com/#/user/home?id=2236301
赤影战士 混音,59638,https://music.163.com/#/playlist?id=2613234299,USAF_1947,https://music.163.com/#/user/home?id=343114091
岁月如歌，时光谱曲,59411,https://music.163.com/#/playlist?id=27899512,夏木漱,https://music.163.com/#/user/home?id=30743678
60-80年代老歌精选,58836,https://music.163.com/#/playlist?id=369380752,Arthur唐尼玛,https://music.163.com/#/user/home?id=11901073
中年人开车就听这个了~,58742,https://music.163.com/#/playlist?id=21477783,Ec0dR1oy,https://music.163.com/#/user/home?id=14103790
经典老歌-那些放DVD在家唱卡拉OK的日子,58244,https://music.163.com/#/playlist?id=553331525,-PIGALLE,https://music.163.com/#/user/home?id=107130968
「特辑」妈妈的磁带,58164,https://music.163.com/#/playlist?id=13220307,帐号已注销,https://music.163.com/#/user/home?id=9293398
浪漫典雅民国风——民国女神的夜上海,57970,https://music.163.com/#/playlist?id=87969344,青甜i,https://music.163.com/#/user/home?id=33068350
美酒加咖啡 | 鎏金岁月70后,57685,https://music.163.com/#/playlist?id=35807423,炼金的喵,https://music.163.com/#/user/home?id=1213038
献给城乡结合部长大的70后屌丝们,57290,https://music.163.com/#/playlist?id=28980713,西南村李师傅,https://music.163.com/#/user/home?id=31475602
【欧美】四海一家（1984&2010）,56504,https://music.163.com/#/playlist?id=7084473,完美的灵魂,https://music.163.com/#/user/home?id=136616
老歌，是真老（大陆）,55657,https://music.163.com/#/playlist?id=83950776,Erkin-,https://music.163.com/#/user/home?id=29967191
我妈妈这辈人的歌（私人收藏）,54682,https://music.163.com/#/playlist?id=86257024,DJ-W凯瑟琳,https://music.163.com/#/user/home?id=1152031
摇滚中国火系列之一,52454,https://music.163.com/#/playlist?id=11396147,罐头梦,https://music.163.com/#/user/home?id=13844752
发姐歌单通关,51772,https://music.163.com/#/playlist?id=365080330,chjw0,https://music.163.com/#/user/home?id=28379140
降央卓玛hhh,51242,https://music.163.com/#/playlist?id=67587854,TttyunQ,https://music.163.com/#/user/home?id=63357174
老歌未老人亦老,50087,https://music.163.com/#/playlist?id=32109520,飘向天边的云,https://music.163.com/#/user/home?id=3271307
L.灵魂推荐--格莱美终身成就奖,49803,https://music.163.com/#/playlist?id=6842364,完美的灵魂,https://music.163.com/#/user/home?id=136616
70后最喜爱的粤语经典,49150,https://music.163.com/#/playlist?id=744811,如沐清风,https://music.163.com/#/user/home?id=381407
中国经典乡村歌曲,48554,https://music.163.com/#/playlist?id=652642157,叶久伴,https://music.163.com/#/user/home?id=88578659
荷东猛士经典迪斯科舞曲,48496,https://music.163.com/#/playlist?id=539270709,-緣來諟妳-,https://music.163.com/#/user/home?id=296393975
十年后依然令你心醉的经典,48357,https://music.163.com/#/playlist?id=94200849,帐号已注销,https://music.163.com/#/user/home?id=61537481
不开心就多听听吧,47555,https://music.163.com/#/playlist?id=936307382,割的心你别闯,https://music.163.com/#/user/home?id=389224354
平民歌后凤飞飞 · 80年代,47034,https://music.163.com/#/playlist?id=26525779,tsh23,https://music.163.com/#/user/home?id=10115556
李小龙【Bruce Lee】电影经典BGM,46757,https://music.163.com/#/playlist?id=2577394768,帐号已注销,https://music.163.com/#/user/home?id=1486789992
经典，难得经典！,46558,https://music.163.com/#/playlist?id=642135,mhy118,https://music.163.com/#/user/home?id=542741
中老年人随身听,46501,https://music.163.com/#/playlist?id=38127319,白小白园长,https://music.163.com/#/user/home?id=41651107
那些70，80难忘的经典,46328,https://music.163.com/#/playlist?id=82143938,蓝色的雨季,https://music.163.com/#/user/home?id=73537489
708090年代经典老歌回忆中的经典华语,45459,https://music.163.com/#/playlist?id=2312433126,LIH依,https://music.163.com/#/user/home?id=1363185140
蔡琴经典合集,45089,https://music.163.com/#/playlist?id=98158634,Maxxie顾半城,https://music.163.com/#/user/home?id=7116605
40岁大叔的中文DJ电音车载,44850,https://music.163.com/#/playlist?id=608629116,腼腆和直白的完美结合,https://music.163.com/#/user/home?id=311613844
依然感动的那些老歌［原唱&翻唱］,44564,https://music.163.com/#/playlist?id=33187290,O-临沐,https://music.163.com/#/user/home?id=34005327
70年代的人听什么歌,44333,https://music.163.com/#/playlist?id=7329236323,joker-mv,https://music.163.com/#/user/home?id=1500631620
经典老歌精选,44262,https://music.163.com/#/playlist?id=328652209,云末千殇,https://music.163.com/#/user/home?id=387035
老歌，每一首都有故事,44241,https://music.163.com/#/playlist?id=10760550,了了liaoran,https://music.163.com/#/user/home?id=7523943
维老牌子吉他歌曲❤,44178,https://music.163.com/#/playlist?id=3010320654,Nurbiyyy306,https://music.163.com/#/user/home?id=103567379
荷东猛士80年代的士高&～【经典】❤️,43729,https://music.163.com/#/playlist?id=524522430,嗯那咋的旮啥呀,https://music.163.com/#/user/home?id=337332478
三眼神童【三目童子】,43191,https://music.163.com/#/playlist?id=130353782,末日前狂欢,https://music.163.com/#/user/home?id=14264804
不用多言的经典,43094,https://music.163.com/#/playlist?id=86705999,顾拥君,https://music.163.com/#/user/home?id=49733675
解忧杂货song sheet,42603,https://music.163.com/#/playlist?id=2546208598,17-Alex,https://music.163.com/#/user/home?id=1605900419
经典回忆之影视,42208,https://music.163.com/#/playlist?id=24339110,敞篷卡车,https://music.163.com/#/user/home?id=725411
中文经典老歌（怀旧）（复古）（伤感）,42141,https://music.163.com/#/playlist?id=173571462,恩佑我恩佑,https://music.163.com/#/user/home?id=135190253
80年代：风中有朵雨做的云,41755,https://music.163.com/#/playlist?id=102436998,萧俊介,https://music.163.com/#/user/home?id=46659088
1984-2012十大中文金曲,41694,https://music.163.com/#/playlist?id=60024344,shile321,https://music.163.com/#/user/home?id=49039498
宝丽金劲爆跳舞街,41062,https://music.163.com/#/playlist?id=2959506624,愛與離,https://music.163.com/#/user/home?id=389818676
经典极品车载音乐,40570,https://music.163.com/#/playlist?id=94105417,唐伯虎点蚊香97,https://music.163.com/#/user/home?id=67254010
所以那些可能都不是真的 的歌单,40104,https://music.163.com/#/playlist?id=105093865,所以那些可能都不是真的,https://music.163.com/#/user/home?id=40632438
爸爸车载音乐(70后),39369,https://music.163.com/#/playlist?id=437585911,YELLOW桃子,https://music.163.com/#/user/home?id=115489999
【蹦个野迪】△夜间蹦迪 老年迪斯科,39268,https://music.163.com/#/playlist?id=2329964336,刘胤桐_,https://music.163.com/#/user/home?id=449734551
左麟右李 （谭咏麟 & 李克勤）,39096,https://music.163.com/#/playlist?id=2488430476,Willian-WF,https://music.163.com/#/user/home?id=339888991
为父母做歌单，岁月如梭。,38817,https://music.163.com/#/playlist?id=42426807,Trumpic_Dean,https://music.163.com/#/user/home?id=3639088
怀旧港台金曲,38323,https://music.163.com/#/playlist?id=11343380,wyvernfly,https://music.163.com/#/user/home?id=386359
香港十大中文金曲1983-1987,38088,https://music.163.com/#/playlist?id=23721310,DarwinWong,https://music.163.com/#/user/home?id=11775894
给妈妈听的歌,38080,https://music.163.com/#/playlist?id=26362179,WestonHan,https://music.163.com/#/user/home?id=18263054
一个人也很酷,36433,https://music.163.com/#/playlist?id=5067102597,戒烟不成功不改名,https://music.163.com/#/user/home?id=1951085481
『再见，乌托邦』中国摇滚的黄金年代,36076,https://music.163.com/#/playlist?id=2686436729,刘老根112,https://music.163.com/#/user/home?id=256708250
乐圣化的一般男性,36059,https://music.163.com/#/playlist?id=2524184059,容疑者田所浩治,https://music.163.com/#/user/home?id=86566097
王银辉的歌单,34976,https://music.163.com/#/playlist?id=451719028,KQ1Y,https://music.163.com/#/user/home?id=322727957
内地流行歌曲精選,34338,https://music.163.com/#/playlist?id=9397647,張若塵zrc,https://music.163.com/#/user/home?id=2073455
90 年代欧美经典,34098,https://music.163.com/#/playlist?id=49447696,CLIES,https://music.163.com/#/user/home?id=51095508
PET SEMETARY,34052,https://music.163.com/#/playlist?id=18731987,Echo76_,https://music.163.com/#/user/home?id=2915948
忍者龙剑传fc混音,32725,https://music.163.com/#/playlist?id=2555042855,USAF_1947,https://music.163.com/#/user/home?id=343114091
双截龙fc的部分OST和混音,32590,https://music.163.com/#/playlist?id=2296616541,USAF_1947,https://music.163.com/#/user/home?id=343114091
汪峰郑钧朴树赵雷李健崔健黑豹零点唐朝张楚,32548,https://music.163.com/#/playlist?id=7462041975,对先生,https://music.163.com/#/user/home?id=89361457
庆祝建党95周年——伟大的旗帜&信念永恒,31805,https://music.163.com/#/playlist?id=413879960,松柏搏岁寒,https://music.163.com/#/user/home?id=33484665
喵喵meow 的歌单,31108,https://music.163.com/#/playlist?id=36074331,喵喵meow,https://music.163.com/#/user/home?id=18773151
怀旧经典老歌,30772,https://music.163.com/#/playlist?id=4901083492,打你一拳先,https://music.163.com/#/user/home?id=1764466306
vintage｜复古回潮,30742,https://music.163.com/#/playlist?id=958102438,elliott_ffs,https://music.163.com/#/user/home?id=408044281
华语影视金曲,29932,https://music.163.com/#/playlist?id=48168682,先之文,https://music.163.com/#/user/home?id=31572982
耳熟能详恍然大悟的从前。,29587,https://music.163.com/#/playlist?id=615203803,断水流大师兄11,https://music.163.com/#/user/home?id=333036839
流金岁月（70年代经典老歌）,29339,https://music.163.com/#/playlist?id=2924238960,海觅天L,https://music.163.com/#/user/home?id=345200664
最远的你是我最近的爱,28894,https://music.163.com/#/playlist?id=2311315018,Anoxia_Wey,https://music.163.com/#/user/home?id=537894184
午后柠檬树下阳光的味道,28680,https://music.163.com/#/playlist?id=446907771,丶海口丶,https://music.163.com/#/user/home?id=294060475
费玉清 - 歌坛传统派 · 70/80年代,28651,https://music.163.com/#/playlist?id=27532733,tsh23,https://music.163.com/#/user/home?id=10115556
爱情歌曲听多了，该听听励志歌曲了,28452,https://music.163.com/#/playlist?id=89775276,_atuo_,https://music.163.com/#/user/home?id=15117145
Vaporwave/Future-funk /Chillwave,28021,https://music.163.com/#/playlist?id=920854435,Drzimis,https://music.163.com/#/user/home?id=38968124
张蔷翻唱歌本,27480,https://music.163.com/#/playlist?id=4433606,某某师傅,https://music.163.com/#/user/home?id=3381980
初禾初《风情不摇晃》安愿♡荆复洲,27307,https://music.163.com/#/playlist?id=2822065616,Kaycee_ykk,https://music.163.com/#/user/home?id=468434714
适合60、70后听的歌,27063,https://music.163.com/#/playlist?id=104052431,遇见芬芳,https://music.163.com/#/user/home?id=88452029
7080年代的经典老歌,26263,https://music.163.com/#/playlist?id=2298205819,贝多芬的小店,https://music.163.com/#/user/home?id=602304552
情歌对唱一一70后,26116,https://music.163.com/#/playlist?id=883922,expoer,https://music.163.com/#/user/home?id=273776
Ladadalata,24921,https://music.163.com/#/playlist?id=104866898,荔枝别念了,https://music.163.com/#/user/home?id=85826350
这才叫经典杂食,24778,https://music.163.com/#/playlist?id=2506834778,脑花绽放,https://music.163.com/#/user/home?id=84606330
谭咏麟，二十年白金畅销金曲全记录,24640,https://music.163.com/#/playlist?id=73551499,shiiiiiiiiite,https://music.163.com/#/user/home?id=19579036
404 not found…,24564,https://music.163.com/#/playlist?id=4871462834,Coreen-OE,https://music.163.com/#/user/home?id=333219020
流金岁月经典永恒,24493,https://music.163.com/#/playlist?id=90653299,不言不语不失心,https://music.163.com/#/user/home?id=17898917
坐在爸妈车上/长辈车上放的歌,24325,https://music.163.com/#/playlist?id=2387446025,我走路带风哼,https://music.163.com/#/user/home?id=257422239
【央视廣播電台背景音樂】每天必看所听到的,24203,https://music.163.com/#/playlist?id=113898680,马文威,https://music.163.com/#/user/home?id=57986708
父母长辈适用歌单,23930,https://music.163.com/#/playlist?id=2108845648,末世听听1,https://music.163.com/#/user/home?id=383830355
"我愛流行樂,更愛復古老歌",23099,https://music.163.com/#/playlist?id=3472201,y89614,https://music.163.com/#/user/home?id=2758060
80后经典歌曲精选,22615,https://music.163.com/#/playlist?id=2971258508,2021抖音火爆歌单,https://music.163.com/#/user/home?id=59690973
There is everything,22372,https://music.163.com/#/playlist?id=363354008,Ty表哥,https://music.163.com/#/user/home?id=136182124
去码头整点薯条,22061,https://music.163.com/#/playlist?id=2465126515,骑猪点网易云,https://music.163.com/#/user/home?id=1604633441
老爸老妈的80年代,22006,https://music.163.com/#/playlist?id=897448650,ordinarythree,https://music.163.com/#/user/home?id=380050524
不要哭 整个好活,21994,https://music.163.com/#/playlist?id=5352986829,-列蒂齐亚,https://music.163.com/#/user/home?id=343416023
对越自卫反击战,21989,https://music.163.com/#/playlist?id=2253668067,Anita_Official,https://music.163.com/#/user/home?id=295454098
跟妈妈出去k歌再也不会尴尬啦,21952,https://music.163.com/#/playlist?id=8376200597,苯澈轩,https://music.163.com/#/user/home?id=1952165952
好歌 | 老歌 | 粤语 | 经典 | 难忘 | 回味,21952,https://music.163.com/#/playlist?id=893910747,厚河厚河,https://music.163.com/#/user/home?id=477584223
荷东 猛士 家庭舞王 IⅠ,21809,https://music.163.com/#/playlist?id=2066498901,-夏天蓝-,https://music.163.com/#/user/home?id=379604298
七零的热血激斗,21624,https://music.163.com/#/playlist?id=94203485,prancer大千,https://music.163.com/#/user/home?id=40198887
98也表示很喜欢邓丽君 韩宝仪,21456,https://music.163.com/#/playlist?id=996225019,马西斯s,https://music.163.com/#/user/home?id=253029444
『摇滚布鲁斯金属』音乐长河中的璀璨群星,20956,https://music.163.com/#/playlist?id=2872525027,Mr-Acdc,https://music.163.com/#/user/home?id=380448232
♚老歌伴着儿时的记忆,20822,https://music.163.com/#/playlist?id=53845568,Hi-姑娘请留步,https://music.163.com/#/user/home?id=55156979
给爸爸下载用的歌单(70后),20444,https://music.163.com/#/playlist?id=593952016,张先生才不喜欢打麻将,https://music.163.com/#/user/home?id=64845934
撑阳伞的女人,20091,https://music.163.com/#/playlist?id=2558601293,luviil,https://music.163.com/#/user/home?id=1497628217
gittar nahxiliri,19881,https://music.163.com/#/playlist?id=3224206597,mammat雾,https://music.163.com/#/user/home?id=1857616795
70年代人的记忆,19725,https://music.163.com/#/playlist?id=5021630,pmwhx,https://music.163.com/#/user/home?id=907586
biubiu,19692,https://music.163.com/#/playlist?id=2246217536,长沙腾格尔,https://music.163.com/#/user/home?id=1343480829
【荒木唱片行】JoJo六部石之海角色替身音乐,19264,https://music.163.com/#/playlist?id=2775153367,CindyFlamingo,https://music.163.com/#/user/home?id=369678625
齐秦经典专辑,18999,https://music.163.com/#/playlist?id=2507491322,大连小庄,https://music.163.com/#/user/home?id=1570254849
Oasis& Pink Floyd Queen G N' R Bee Gees,18965,https://music.163.com/#/playlist?id=769985687,FBI-FemaleBodyInspector,https://music.163.com/#/user/home?id=302756424
那些年偶爸追过的老歌,18797,https://music.163.com/#/playlist?id=51091048,emonday,https://music.163.com/#/user/home?id=41455956
广场舞大妈啊，你们...,18625,https://music.163.com/#/playlist?id=31141755,hi-otaku幻想真实,https://music.163.com/#/user/home?id=32766808
那些年追过英文歌曲(男声版）,18537,https://music.163.com/#/playlist?id=37512318,DLcamry,https://music.163.com/#/user/home?id=43022115
老歌已成经典 但歌手却成大叔,18449,https://music.163.com/#/playlist?id=95377094,帐号已注销,https://music.163.com/#/user/home?id=73364408
超真实扮家家酒,18398,https://music.163.com/#/playlist?id=3102568440,_th3ylov3me,https://music.163.com/#/user/home?id=1987797563
james3s,18360,https://music.163.com/#/playlist?id=53391734,james3s,https://music.163.com/#/user/home?id=54583819
歌声飘过三十年 第一场,17953,https://music.163.com/#/playlist?id=92613264,JohnKim,https://music.163.com/#/user/home?id=1770633
百分百正面碰撞测试,17634,https://music.163.com/#/playlist?id=3105695107,Lasalle-,https://music.163.com/#/user/home?id=1580813137
70、80后永远无法忘记的那些港台经典电视剧,17525,https://music.163.com/#/playlist?id=64346164,徐小傻先森,https://music.163.com/#/user/home?id=402717
没有freestyle,17353,https://music.163.com/#/playlist?id=2075115462,0ldzz,https://music.163.com/#/user/home?id=324873143
luckymatthew,17143,https://music.163.com/#/playlist?id=740452519,lucky_matthew,https://music.163.com/#/user/home?id=316845610
什么叫品味（战术后仰）,17138,https://music.163.com/#/playlist?id=2116855791,DonMVP,https://music.163.com/#/user/home?id=453292547
假面骑士（初代）,17029,https://music.163.com/#/playlist?id=5190813610,老天刃屑辈,https://music.163.com/#/user/home?id=508406607
[♚☞Kizilgul♥♢♛♢♥PuraYdu☜♚],17008,https://music.163.com/#/playlist?id=3128496820,_almas_007,https://music.163.com/#/user/home?id=2020767126
为了父亲，想要学会一首歌。,16805,https://music.163.com/#/playlist?id=80234150,cym梅梅小姐,https://music.163.com/#/user/home?id=71779490
-旧的才会成为经典 ,16760,https://music.163.com/#/playlist?id=2934145557,-渡多多,https://music.163.com/#/user/home?id=434769293
中年——给爸妈广场必备,16727,https://music.163.com/#/playlist?id=72048599,机箱嗡嗡响,https://music.163.com/#/user/home?id=44978284
暴露年龄系列,16378,https://music.163.com/#/playlist?id=91585292,小慕priest,https://music.163.com/#/user/home?id=73870035
英文经典曲目,16282,https://music.163.com/#/playlist?id=89970573,小慕priest,https://music.163.com/#/user/home?id=73870035
20世纪中华歌坛名人百集珍藏版,16177,https://music.163.com/#/playlist?id=471374385,廿廿廿廿廿廿廿廿廿廿廿廿廿,https://music.163.com/#/user/home?id=90623939
歌声飘过三十年 第二场,15973,https://music.163.com/#/playlist?id=92616305,JohnKim,https://music.163.com/#/user/home?id=1770633
70年代经典歌曲151首,15920,https://music.163.com/#/playlist?id=393382508,农户三拳,https://music.163.com/#/user/home?id=250504795
70年代经典老歌,15366,https://music.163.com/#/playlist?id=156114332,丿寂寞丶梧桐,https://music.163.com/#/user/home?id=86638733
Amrah Nahxilar,15303,https://music.163.com/#/playlist?id=2301066393,帐号已注销,https://music.163.com/#/user/home?id=252171247
Classic Rock,15156,https://music.163.com/#/playlist?id=67543842,kikepe,https://music.163.com/#/user/home?id=64743120
美式复古（精炼版）,15114,https://music.163.com/#/playlist?id=617740491,任-侠,https://music.163.com/#/user/home?id=372783818
精挑细选之草蜢经典,14904,https://music.163.com/#/playlist?id=164993708,隋海翔,https://music.163.com/#/user/home?id=3506362
你是人间四月天,14774,https://music.163.com/#/playlist?id=67034617,小青年装文艺,https://music.163.com/#/user/home?id=64564790
霓虹跳舞俱乐部歌单 更新中,14728,https://music.163.com/#/playlist?id=6991946399,DJ_Fellow,https://music.163.com/#/user/home?id=473432764
经典怀旧老歌,14711,https://music.163.com/#/playlist?id=2939758664,高明至尊宝,https://music.163.com/#/user/home?id=475094298
剧本杀《岁月鸿沟》歌单,14471,https://music.163.com/#/playlist?id=7372175298,爱燕子的星哥,https://music.163.com/#/user/home?id=414085062
张学友的世界巡回演唱会,14450,https://music.163.com/#/playlist?id=6887312075,Drake不是公鸭,https://music.163.com/#/user/home?id=250556061
serdar ortac,14446,https://music.163.com/#/playlist?id=558204452,izmer114,https://music.163.com/#/user/home?id=339228686
rafet el roman,14291,https://music.163.com/#/playlist?id=564107365,izmer114,https://music.163.com/#/user/home?id=339228686
爸爸妈妈喜欢的歌『60～00年代』,14270,https://music.163.com/#/playlist?id=92437016,梦先觉-,https://music.163.com/#/user/home?id=38151165
【活在80年代的00后】永存的经典,14190,https://music.163.com/#/playlist?id=7521428685,是王建国,https://music.163.com/#/user/home?id=346021475
waacking/funk/Disco/funky,14072,https://music.163.com/#/playlist?id=927212628,JeongHoYeon_anr,https://music.163.com/#/user/home?id=263796272
爸妈喜欢的歌『60～00年代』,13837,https://music.163.com/#/playlist?id=160213699,泛沧溟的小号,https://music.163.com/#/user/home?id=116987729
Willy's choice,13825,https://music.163.com/#/playlist?id=475001202,Vertigines,https://music.163.com/#/user/home?id=79907511
70后经典老歌必须听舒服,13615,https://music.163.com/#/playlist?id=7557675871,潘晟铭,https://music.163.com/#/user/home?id=1809486272
小霸王任天堂八位游戏机FC游戏经典BGM,13531,https://music.163.com/#/playlist?id=2562497693,葱油酥,https://music.163.com/#/user/home?id=260560375
老爹扛著收音機抖腿,13447,https://music.163.com/#/playlist?id=2287261041,不完美的初吻,https://music.163.com/#/user/home?id=367888327
史上最全怀旧影视金曲,13426,https://music.163.com/#/playlist?id=2365787175,恺娃娃,https://music.163.com/#/user/home?id=252486940
Neverbelatee喜欢的音乐,13421,https://music.163.com/#/playlist?id=7776957445,网易云音乐,https://music.163.com/#/user/home?id=1
N.W.A 西海岸说唱匪帮枭雄,13403,https://music.163.com/#/playlist?id=521445469,Besat-Man,https://music.163.com/#/user/home?id=122771356
粑粑麻麻，属于中年人的歌,13358,https://music.163.com/#/playlist?id=166492708,慢尼尼,https://music.163.com/#/user/home?id=62158209
台湾民歌时代---金韵奖,13178,https://music.163.com/#/playlist?id=92787198,tsh23,https://music.163.com/#/user/home?id=10115556
荷东舞王.猛士的士高,13174,https://music.163.com/#/playlist?id=606095489,刘耕田,https://music.163.com/#/user/home?id=356584535
圭望春鸢花海.,13153,https://music.163.com/#/playlist?id=2836172023,五目圭,https://music.163.com/#/user/home?id=1877601190
致经典：那些年的闽南歌曲,13144,https://music.163.com/#/playlist?id=884501713,温情学长丶,https://music.163.com/#/user/home?id=250588238
70年代永不褪色的时代旋律,13060,https://music.163.com/#/playlist?id=7088974751,雁丘幽魂,https://music.163.com/#/user/home?id=1862870150
60 70年代怀旧老歌,12754,https://music.163.com/#/playlist?id=6747111735,江南_Jay,https://music.163.com/#/user/home?id=1455763550
粤语歌坛-“香港歌神”许冠杰,12707,https://music.163.com/#/playlist?id=965138602,SX_Design,https://music.163.com/#/user/home?id=290896546
杂类红色歌曲,12707,https://music.163.com/#/playlist?id=3109652369,PsyHouse,https://music.163.com/#/user/home?id=1587399148
野火大鸿作品集,12523,https://music.163.com/#/playlist?id=395628393,休簪_,https://music.163.com/#/user/home?id=101007785
欧美旧歌金曲,12510,https://music.163.com/#/playlist?id=36299951,AAshleyyyyy,https://music.163.com/#/user/home?id=9451526
...........Bose Soundlink Mini 专属music,12388,https://music.163.com/#/playlist?id=72436352,DaftStar555,https://music.163.com/#/user/home?id=67301223
浙 江 財 經 大 學 東 方 學 院 工 程 系,12254,https://music.163.com/#/playlist?id=414549059,阿飛的小蝴蝶Tw,https://music.163.com/#/user/home?id=297391125
前卫·实验·摇滚Progressive rock,12250,https://music.163.com/#/playlist?id=2725883136,Close-2-D-edge,https://music.163.com/#/user/home?id=344414916
FC remix,12166,https://music.163.com/#/playlist?id=2332253913,USAF_1947,https://music.163.com/#/user/home?id=343114091
经典土b歌单,12166,https://music.163.com/#/playlist?id=375826525,顶配废物,https://music.163.com/#/user/home?id=65955711
养老院棋牌室曲牌,12124,https://music.163.com/#/playlist?id=504323603,不要老是低头按手机,https://music.163.com/#/user/home?id=114353517
tamara,12069,https://music.163.com/#/playlist?id=561454807,izmer114,https://music.163.com/#/user/home?id=339228686
hip pop,11989,https://music.163.com/#/playlist?id=7614393773,阿迪阿M,https://music.163.com/#/user/home?id=1536805116
圣斗士星矢-原声CD：ETERNAL CD-BOX,11956,https://music.163.com/#/playlist?id=316911263,绿叶妙妙爱音乐,https://music.163.com/#/user/home?id=112114774
you sunk.,11905,https://music.163.com/#/playlist?id=5187060153,-Xuuue,https://music.163.com/#/user/home?id=2010300932
经典永流传—时代音符,11902,https://music.163.com/#/playlist?id=71999751,ShiningLine,https://music.163.com/#/user/home?id=63233489
老歌，70后的回忆,11876,https://music.163.com/#/playlist?id=60565830,橙子牛哥,https://music.163.com/#/user/home?id=915326
『70后的记忆』爸爸喜欢的歌,11872,https://music.163.com/#/playlist?id=2179123094,IamPOTATO929,https://music.163.com/#/user/home?id=289032424
鹅鹅鹅鹅鹅鹅,11846,https://music.163.com/#/playlist?id=2883537693,鸡腿子最好恰,https://music.163.com/#/user/home?id=1907296333
《孽子》(原著)歌曲汇总,11754,https://music.163.com/#/playlist?id=2383912472,台北橋勃露斯,https://music.163.com/#/user/home?id=328216476
那些年追过的粤语歌曲（男人篇）,11729,https://music.163.com/#/playlist?id=40473927,DLcamry,https://music.163.com/#/user/home?id=43022115
【S】Forever,11725,https://music.163.com/#/playlist?id=2569483656,2025年度听歌报告,https://music.163.com/#/user/home?id=1547275629
朝鲜只能有这一种5CD舞曲就足够了!,11586,https://music.163.com/#/playlist?id=128297260,马文威,https://music.163.com/#/user/home?id=57986708
粤语传世经典,11548,https://music.163.com/#/playlist?id=2563884014,EnkiiXX,https://music.163.com/#/user/home?id=325921600
Old school Dance,11540,https://music.163.com/#/playlist?id=13313355,LShanee,https://music.163.com/#/user/home?id=16043046
自己精挑细选的经典粤语歌(男人篇),11431,https://music.163.com/#/playlist?id=111565208,Zxc_Lau,https://music.163.com/#/user/home?id=68432243
和我一起学做菜吧,11422,https://music.163.com/#/playlist?id=329658227,南阿毛,https://music.163.com/#/user/home?id=261786812
记忆中的歌声,11372,https://music.163.com/#/playlist?id=71297168,用户60856164,https://music.163.com/#/user/home?id=60856164
草原风金曲合集,11342,https://music.163.com/#/playlist?id=384093369,蜥蜴沼,https://music.163.com/#/user/home?id=18000906
YEAH！girl,11313,https://music.163.com/#/playlist?id=386007776,DunZyAll,https://music.163.com/#/user/home?id=86795595
dadam 父亲 DADAM,11284,https://music.163.com/#/playlist?id=2663133580,帐号已注销,https://music.163.com/#/user/home?id=1359623341
日语歌曲大全,11229,https://music.163.com/#/playlist?id=7356144748,平一洋静香,https://music.163.com/#/user/home?id=1557531008
My Soul,11208,https://music.163.com/#/playlist?id=2325303830,程子晗程子晗,https://music.163.com/#/user/home?id=293397854
精挑细选-陈百强,11124,https://music.163.com/#/playlist?id=2641108564,Danny夏荣鑫,https://music.163.com/#/user/home?id=436084774
Remix（0.8x）,11120,https://music.163.com/#/playlist?id=4995960428,小羊不失棉i,https://music.163.com/#/user/home?id=1975902214
舞曲经典大碟,11116,https://music.163.com/#/playlist?id=11396160,罐头梦,https://music.163.com/#/user/home?id=13844752
KTV必点曲目,11051,https://music.163.com/#/playlist?id=2647893490,Waruikuroiko,https://music.163.com/#/user/home?id=1382482151
4HIPHOP.说唱,10910,https://music.163.com/#/playlist?id=2396308221,狗狗闪亮登场,https://music.163.com/#/user/home?id=645149892
Pleasantly surprised,10872,https://music.163.com/#/playlist?id=2190574113,优思米乐Lt丶,https://music.163.com/#/user/home?id=504081730
零碎岛屿遇到海,10851,https://music.163.com/#/playlist?id=2362965212,没理想的人不流泪,https://music.163.com/#/user/home?id=1514580457
新•福音战士剧场版曲目收录,10834,https://music.163.com/#/playlist?id=3039690191,在背后看你,https://music.163.com/#/user/home?id=342082935
夏色祭的名义「」,10822,https://music.163.com/#/playlist?id=620657665,69岁扶墙K歌,https://music.163.com/#/user/home?id=432639500
Flower,10771,https://music.163.com/#/playlist?id=2676178512,-Flower_f,https://music.163.com/#/user/home?id=1769368729
八九十年代爸妈年纪的经典典藏 龙凤金榜,10721,https://music.163.com/#/playlist?id=969877018,十亩地继承者,https://music.163.com/#/user/home?id=362470918
我最爱的粤语经典老歌,10687,https://music.163.com/#/playlist?id=2552262352,不懂音乐的皮公子,https://music.163.com/#/user/home?id=1505976738
Funky/Soul/RnB/持續更新,10675,https://music.163.com/#/playlist?id=3125550588,QmoreinkSoha,https://music.163.com/#/user/home?id=2073811963
「怀旧」七零年代的老歌吗？,10624,https://music.163.com/#/playlist?id=827817250,kueichun,https://music.163.com/#/user/home?id=119474075
just a dream,10582,https://music.163.com/#/playlist?id=3021662579,听的一坨屎,https://music.163.com/#/user/home?id=80617140
CHINA：HE'S LEGACY,10549,https://music.163.com/#/playlist?id=6820667916,电脑玩家春秋,https://music.163.com/#/user/home?id=1290813450
雪distance ,10414,https://music.163.com/#/playlist?id=2509053413,Aew-bb,https://music.163.com/#/user/home?id=1667887879
"Tay Keith, ****",10334,https://music.163.com/#/playlist?id=636661932,2119N,https://music.163.com/#/user/home?id=441974574
山不在高丶士兵希老丶说白道黑,10322,https://music.163.com/#/playlist?id=811797968,烟花易唥丶,https://music.163.com/#/user/home?id=419667889
gulsen,10322,https://music.163.com/#/playlist?id=558192841,izmer114,https://music.163.com/#/user/home?id=339228686
经典游戏铃声,10204,https://music.163.com/#/playlist?id=400482310,好名都被狗取了ii,https://music.163.com/#/user/home?id=289852510
Teresa❤️国语&日语,10159,https://music.163.com/#/playlist?id=6481099,克苏恩,https://music.163.com/#/user/home?id=6098622
听了就停不下来的英文经典(无损),10112,https://music.163.com/#/playlist?id=611193740,-快-乐-,https://music.163.com/#/user/home?id=47422393
高举红旗向太阳,9919,https://music.163.com/#/playlist?id=777292883,-肥刺蝟-,https://music.163.com/#/user/home?id=280404937
还记得以前的经典老歌吗？,9877,https://music.163.com/#/playlist?id=6710605183,Three_Stars_Mansion,https://music.163.com/#/user/home?id=1620894228
Tyrion喜欢的音乐,9704,https://music.163.com/#/playlist?id=2029340401,热血市民付小山,https://music.163.com/#/user/home?id=391563797
贵州山歌合集,9604,https://music.163.com/#/playlist?id=3029449805,母牛先生,https://music.163.com/#/user/home?id=442096834
FATHER SAY,9532,https://music.163.com/#/playlist?id=151857879,Mr_ZWH,https://music.163.com/#/user/home?id=104956340
《让青春继续-羊城岁月》背景歌曲全集,9452,https://music.163.com/#/playlist?id=501078121,ccbynow,https://music.163.com/#/user/home?id=85626647
二战苏维埃德意志.,9448,https://music.163.com/#/playlist?id=582009706,问题小孩abc,https://music.163.com/#/user/home?id=359606714
【70/80年代】齐豫的超凡不俗,9329,https://music.163.com/#/playlist?id=22877897,tsh23,https://music.163.com/#/user/home?id=10115556
苏联颂---永远的祖国,9221,https://music.163.com/#/playlist?id=2793786866,changepls,https://music.163.com/#/user/home?id=1645660057
waacking个人常用,9196,https://music.163.com/#/playlist?id=457322959,Shiro13,https://music.163.com/#/user/home?id=257282671
【80年代】轻轻聆听张艾嘉,9104,https://music.163.com/#/playlist?id=23431570,tsh23,https://music.163.com/#/user/home?id=10115556
沙罗曼蛇 混音,9020,https://music.163.com/#/playlist?id=2555675012,USAF_1947,https://music.163.com/#/user/home?id=343114091
旧时光【粤语精选，带你进行一次时光旅行】,9016,https://music.163.com/#/playlist?id=8343348,GliAnniDOro,https://music.163.com/#/user/home?id=3803343
罪恶都市/游戏原声,9007,https://music.163.com/#/playlist?id=2256476910,一直都在哈哈啊哈哈,https://music.163.com/#/user/home?id=643071136
expecting the unrealistic,9003,https://music.163.com/#/playlist?id=2460656908,中文名可以吗,https://music.163.com/#/user/home?id=591130900
错过的八零年代,8995,https://music.163.com/#/playlist?id=2214306852,不辞夜夜照君归,https://music.163.com/#/user/home?id=136138084
维吾尔语歌曲,8961,https://music.163.com/#/playlist?id=4917689262,师长君,https://music.163.com/#/user/home?id=1902090402
听懂这些老歌你就成熟了,8915,https://music.163.com/#/playlist?id=2726529912,预谋不会唱情歌,https://music.163.com/#/user/home?id=330479498
不能分享，暴露真实年龄的歌！,8890,https://music.163.com/#/playlist?id=63295913,徐小傻先森,https://music.163.com/#/user/home?id=402717
shuangscy,8881,https://music.163.com/#/playlist?id=2760988648,双色彩羽,https://music.163.com/#/user/home?id=1787307900
Electric sound,8835,https://music.163.com/#/playlist?id=2006839107,张佩奇_Rt96,https://music.163.com/#/user/home?id=566649348
70年代、80年代整理,8751,https://music.163.com/#/playlist?id=73626412,NOKKKkKKkkkkkk,https://music.163.com/#/user/home?id=58145840
李宗盛 理性与感性 作品音乐会,8743,https://music.163.com/#/playlist?id=74920010,艳遇未遂,https://music.163.com/#/user/home?id=9329720
广场舞【爸妈去跳广场舞必备歌单】,8705,https://music.163.com/#/playlist?id=3083304888,喜欢痴痴地看着你,https://music.163.com/#/user/home?id=1794058974
【7080年代】电视时代的经典:给念旧的你,8701,https://music.163.com/#/playlist?id=2013848594,不样丸,https://music.163.com/#/user/home?id=320327564
『人生导师』跨越天与海的勇气→天海祐希,8680,https://music.163.com/#/playlist?id=689520666,Morris宋擇清,https://music.163.com/#/user/home?id=6398255
经典永不过时,8629,https://music.163.com/#/playlist?id=2458169007,流浪诗人怪,https://music.163.com/#/user/home?id=287292442
那些年我们听过的歌,8625,https://music.163.com/#/playlist?id=52734165,炽白幻影狼,https://music.163.com/#/user/home?id=8986887
脸红的荷尔蒙,8591,https://music.163.com/#/playlist?id=4940323928,乌蝇哥的春天,https://music.163.com/#/user/home?id=1532013365
当年风靡各大旱冰场的嗨曲,8558,https://music.163.com/#/playlist?id=78106293,纳兰纵横,https://music.163.com/#/user/home?id=69426957
都是懂歌 没人懂鸽,8478,https://music.163.com/#/playlist?id=7346821184,迷方向的鸽,https://music.163.com/#/user/home?id=4021495762
流水年华：最爱凤飞飞,8423,https://music.163.com/#/playlist?id=153250734,kuhaier,https://music.163.com/#/user/home?id=1727092
86西游记BGM,8369,https://music.163.com/#/playlist?id=2857423473,焰红云,https://music.163.com/#/user/home?id=581868852
Scrambled｜随机播放有惊喜,8302,https://music.163.com/#/playlist?id=2864470071,还没吃要一起吗,https://music.163.com/#/user/home?id=563943173
【拾掇】苏荷酒吧,8247,https://music.163.com/#/playlist?id=23461431,mercurius-穷途,https://music.163.com/#/user/home?id=19324540
怀旧金曲‖一代歌曲一代人,8230,https://music.163.com/#/playlist?id=625698912,木-_-卯,https://music.163.com/#/user/home?id=433143408
那一抹经典的回忆,8226,https://music.163.com/#/playlist?id=33191408,拾壹丶,https://music.163.com/#/user/home?id=39954311
crack head,8213,https://music.163.com/#/playlist?id=5219765922,JasonBelfort,https://music.163.com/#/user/home?id=253209597
苏联/红色歌曲/卫国战争,8197,https://music.163.com/#/playlist?id=4894361902,LunaOFtuesday,https://music.163.com/#/user/home?id=1439035759
上世纪的浪漫 「Jazz Funky」,8180,https://music.163.com/#/playlist?id=2637180809,La_graisse,https://music.163.com/#/user/home?id=405762201
奥特曼系列 音乐合集（1966～2006）,8096,https://music.163.com/#/playlist?id=698928908,御坂姐姐,https://music.163.com/#/user/home?id=88232064
eternal,8058,https://music.163.com/#/playlist?id=2843824410,一只渔鸥,https://music.163.com/#/user/home?id=442399772
吐鲁番民歌 (Turpan halik nahxisi ),8050,https://music.163.com/#/playlist?id=5148822554,M-Halik,https://music.163.com/#/user/home?id=249761349
【张国荣】【张学友】经典,8045,https://music.163.com/#/playlist?id=2523026535,小伙很爱-学友,https://music.163.com/#/user/home?id=440344312
歌王歌后的歌（2）,8037,https://music.163.com/#/playlist?id=29962106,衡阳知名老赖,https://music.163.com/#/user/home?id=8700086
Shirley,8024,https://music.163.com/#/playlist?id=724995349,MonarKHu,https://music.163.com/#/user/home?id=321362477
Soul Funk & Funky Disco,7995,https://music.163.com/#/playlist?id=2324495550,MoMo_V,https://music.163.com/#/user/home?id=276512340
Music Heaven (Vol.1~15),7940,https://music.163.com/#/playlist?id=61496526,人出没注意,https://music.163.com/#/user/home?id=47778606
Me Or Us,7932,https://music.163.com/#/playlist?id=4990762985,2Daaa,https://music.163.com/#/user/home?id=394392275
我们小酒馆的故事,7886,https://music.163.com/#/playlist?id=2281410646,上官林峰名字有点点长,https://music.163.com/#/user/home?id=75233741
昭和city 泡が一瞬にして,7873,https://music.163.com/#/playlist?id=2613702814,欧秋柑,https://music.163.com/#/user/home?id=563809768
经典粤语天籁之音「女版」,7869,https://music.163.com/#/playlist?id=118256500,淡小鱼,https://music.163.com/#/user/home?id=425471
Man---- Amirak--- Dj ♡,7861,https://music.163.com/#/playlist?id=2329464799,Alfi8833,https://music.163.com/#/user/home?id=487422935
【经典粤语】越老越有味,7840,https://music.163.com/#/playlist?id=2130348164,地球人的那些事,https://music.163.com/#/user/home?id=381635319
陈祉卓天天听的歌单,7747,https://music.163.com/#/playlist?id=2259789746,美丽的扁桃体,https://music.163.com/#/user/home?id=551332111
解放前的上海情怀,7747,https://music.163.com/#/playlist?id=37331796,怀旧的大头,https://music.163.com/#/user/home?id=1727299
经典港台老歌,7726,https://music.163.com/#/playlist?id=5085979756,窦长君-,https://music.163.com/#/user/home?id=306809672
九十年代港台武侠,7688,https://music.163.com/#/playlist?id=2729684551,o书山有路o,https://music.163.com/#/user/home?id=1303062433
七零后的粤语,7653,https://music.163.com/#/playlist?id=42643301,JP_Liou,https://music.163.com/#/user/home?id=267792
Tian Long,7508,https://music.163.com/#/playlist?id=3028202931,Mie微凉,https://music.163.com/#/user/home?id=558690107
御龙在天指挥战歌,7504,https://music.163.com/#/playlist?id=572559097,自闭儿童真欢乐,https://music.163.com/#/user/home?id=402463686
XINUAILE,7445,https://music.163.com/#/playlist?id=5263195112,larenufsevolscart1,https://music.163.com/#/user/home?id=1711757573
真经典无可超越,7424,https://music.163.com/#/playlist?id=906281048,黒馬Jun,https://music.163.com/#/user/home?id=517736814
｜偶尔放肆的回忆 也是一种生活｜,7414,https://music.163.com/#/playlist?id=548210031,Moon_乔姐,https://music.163.com/#/user/home?id=56242651
记忆中的韩国老歌,7390,https://music.163.com/#/playlist?id=53557511,KMHHJ,https://music.163.com/#/user/home?id=53336742
70后才懂的孤独王子-姜育恒之经典收录,7382,https://music.163.com/#/playlist?id=74463083,西塞山人,https://music.163.com/#/user/home?id=41801865
呃呃呃呃呃呃呃得得得,7357,https://music.163.com/#/playlist?id=2444332712,黑巫师恩佐,https://music.163.com/#/user/home?id=1617007695
780年代金曲老歌（情歌）,7306,https://music.163.com/#/playlist?id=5056730702,有点北方,https://music.163.com/#/user/home?id=592825362
收拾一下起床捡垃圾,7260,https://music.163.com/#/playlist?id=2312455780,亚克力鼠鼠,https://music.163.com/#/user/home?id=269469548
孙长老的歌单,7210,https://music.163.com/#/playlist?id=2962669323,陈默有余,https://music.163.com/#/user/home?id=559948374
张学友 Jacky Cheung Hok Yau,7176,https://music.163.com/#/playlist?id=482486603,粤来粤友钱的鱼,https://music.163.com/#/user/home?id=59484124
听点好歌又不会死,7157,https://music.163.com/#/playlist?id=57279036,请继续叫我小学妹呗,https://music.163.com/#/user/home?id=35911001
Ambience 002,7142,https://music.163.com/#/playlist?id=786800049,babyitsblue,https://music.163.com/#/user/home?id=395346083
Ablet Ablikim-阿布来提·阿布力克木,7117,https://music.163.com/#/playlist?id=2948368812,帐号已注销,https://music.163.com/#/user/home?id=429839300
民国萝莉进行曲(๑> ̮ <๑)典雅民国风,7105,https://music.163.com/#/playlist?id=94973806,青甜i,https://music.163.com/#/user/home?id=33068350
昭和city 泡が一瞬にして,7100,https://music.163.com/#/playlist?id=8057052552,网易云音乐,https://music.163.com/#/user/home?id=1
Aaron Neville,7037,https://music.163.com/#/playlist?id=5350922637,臥沙玉脈,https://music.163.com/#/user/home?id=450973642
八十年代末的青春记忆,7021,https://music.163.com/#/playlist?id=47147686,非花逐月,https://music.163.com/#/user/home?id=1870991
2019 SH Parklife 2.0,7000,https://music.163.com/#/playlist?id=2959333043,ketchupong,https://music.163.com/#/user/home?id=274171620
Hard to understand,6983,https://music.163.com/#/playlist?id=2873042228,菠萝吹鷽,https://music.163.com/#/user/home?id=1387640864
per aspera ad astra,6962,https://music.163.com/#/playlist?id=4884247783,Oreo__y,https://music.163.com/#/user/home?id=562018052
老歌最有味道、旧人最乱心绪,6928,https://music.163.com/#/playlist?id=928874124,钱百万呀,https://music.163.com/#/user/home?id=423119096
爸爸辈的超好听的歌,6924,https://music.163.com/#/playlist?id=938837936,雅川_,https://music.163.com/#/user/home?id=395743037
Old School/Funk/Rap,6924,https://music.163.com/#/playlist?id=499553370,Hudy-,https://music.163.com/#/user/home?id=81378157
中島みゆき的美丽心情.,6916,https://music.163.com/#/playlist?id=953170693,Hayash1_,https://music.163.com/#/user/home?id=97814849
郭 德 纲 相 声 集,6903,https://music.163.com/#/playlist?id=2104844666,jahBrazy,https://music.163.com/#/user/home?id=364522051
Asia selling Dope.,6871,https://music.163.com/#/playlist?id=503767284,DopeGang_,https://music.163.com/#/user/home?id=29740374
那些年我们喜欢的老歌,6857,https://music.163.com/#/playlist?id=54418396,完美复仇者,https://music.163.com/#/user/home?id=54792468
这些歌原版都是日语,6806,https://music.163.com/#/playlist?id=10190290,勾勾同学_,https://music.163.com/#/user/home?id=2752437
60、70、80年代经典老歌｜爸妈那年代的故事,6798,https://music.163.com/#/playlist?id=8440345063,执剑稳,https://music.163.com/#/user/home?id=290894929
zsw的70年代说唱歌曲,6735,https://music.163.com/#/playlist?id=4965847975,锦州精神代表,https://music.163.com/#/user/home?id=589956371
KT F.M 70s & 80s(欧洲卡车模拟2电台),6727,https://music.163.com/#/playlist?id=2102600328,帐号已注销,https://music.163.com/#/user/home?id=368173572
70后老歌聚集地,6718,https://music.163.com/#/playlist?id=970684156,老Mlong,https://music.163.com/#/user/home?id=282539216
香港嘅旧时回声--罗文,6643,https://music.163.com/#/playlist?id=23898481,Riascos,https://music.163.com/#/user/home?id=8859716
YiHan collection Waacking songs♬,6622,https://music.163.com/#/playlist?id=509901422,yihanyihanyihan,https://music.163.com/#/user/home?id=310598510
bttttttttttttttt……,6533,https://music.163.com/#/playlist?id=6629801606,Tone-studio,https://music.163.com/#/user/home?id=3357959825
70后摇滚乐歌单-华语,6504,https://music.163.com/#/playlist?id=432960560,coldwine,https://music.163.com/#/user/home?id=116624056
Bpm 175-180 跑步音乐,6470,https://music.163.com/#/playlist?id=375577587,zz_33,https://music.163.com/#/user/home?id=271369130
复古黑胶唱片,6466,https://music.163.com/#/playlist?id=2652472920,Cody_R,https://music.163.com/#/user/home?id=292356432
裘海正--伤感抒情歌,6407,https://music.163.com/#/playlist?id=85371045,乐伴歌声,https://music.163.com/#/user/home?id=2236301
迪克牛仔黄金十载全精选,6400,https://music.163.com/#/playlist?id=6205451,yagaoxx,https://music.163.com/#/user/home?id=2929945
侠盗猎车罪恶都市摇滚电台好听的歌,6399,https://music.163.com/#/playlist?id=2921092975,自律且自信1,https://music.163.com/#/user/home?id=646142515
周峰《眼之魅》原作原曲,6378,https://music.163.com/#/playlist?id=491825005,ali_wang,https://music.163.com/#/user/home?id=2533765
FAVORITE,6365,https://music.163.com/#/playlist?id=5477080131,哎呀我g,https://music.163.com/#/user/home?id=2090759271
经典：没有星星的夜里，我把往事留给你,6361,https://music.163.com/#/playlist?id=2235974314,槿v年,https://music.163.com/#/user/home?id=419896046
七十二家房客,6332,https://music.163.com/#/playlist?id=2943924864,得闲饮茶______,https://music.163.com/#/user/home?id=386013649
郑少秋 古装第一美男子,6277,https://music.163.com/#/playlist?id=79706908,Halo余龟蛋,https://music.163.com/#/user/home?id=3602291
香港人喜欢的广东歌,6277,https://music.163.com/#/playlist?id=13189519,sheunghk,https://music.163.com/#/user/home?id=775704
你发现了宝藏,6265,https://music.163.com/#/playlist?id=5363003224,老奥仔,https://music.163.com/#/user/home?id=425483154
往日情怀-男人篇,6252,https://music.163.com/#/playlist?id=100651985,行吟游子,https://music.163.com/#/user/home?id=47866850
怀旧｜70 80爸妈的记忆经典,6248,https://music.163.com/#/playlist?id=6768646594,葡萄-n,https://music.163.com/#/user/home?id=75178744
Classic song,6210,https://music.163.com/#/playlist?id=2971918073,-BOYHOOP-,https://music.163.com/#/user/home?id=260613986
老年人俱乐部,6193,https://music.163.com/#/playlist?id=442721002,萧呢呢呢呢呢,https://music.163.com/#/user/home?id=318363467
Chansons cantonaises,6147,https://music.163.com/#/playlist?id=958527234,Sharon-Vineyard,https://music.163.com/#/user/home?id=469460518
歌还是老的好,6130,https://music.163.com/#/playlist?id=454312692,我偷猪养你i,https://music.163.com/#/user/home?id=274899156
《港囧》配乐同类型经典曲目,6080,https://music.163.com/#/playlist?id=111267463,歌词碎片,https://music.163.com/#/user/home?id=7579978
Take My Breath Away,6076,https://music.163.com/#/playlist?id=832548902,Jacqueline65,https://music.163.com/#/user/home?id=87468460
大爷大妈才会唱的KTV老歌,6067,https://music.163.com/#/playlist?id=2054263402,帐号已注销,https://music.163.com/#/user/home?id=44319718
-Il nastro magnetico di mia madre-,6050,https://music.163.com/#/playlist?id=508823147,很爱冲浪的孩子,https://music.163.com/#/user/home?id=355089972
有多少艾克以重来,6013,https://music.163.com/#/playlist?id=2755563581,被拆的火,https://music.163.com/#/user/home?id=1729981192
想听又不想听,6008,https://music.163.com/#/playlist?id=2492888713,zawaki,https://music.163.com/#/user/home?id=309768256
Deep House,5996,https://music.163.com/#/playlist?id=5478342887,河南馬总,https://music.163.com/#/user/home?id=314669968
80年代90年代经典老歌,5971,https://music.163.com/#/playlist?id=781117547,Vict娃娃,https://music.163.com/#/user/home?id=319576066
Pick Up The Groove,5916,https://music.163.com/#/playlist?id=619822958,脸老板,https://music.163.com/#/user/home?id=129206195
Tomorrow ,5899,https://music.163.com/#/playlist?id=2541998094,赵楽的楽,https://music.163.com/#/user/home?id=361703208
vaporwave丨蒸気波美少女战士,5891,https://music.163.com/#/playlist?id=976368619,帐号已注销,https://music.163.com/#/user/home?id=405828361
94新生代（90年代内地经典歌曲）,5861,https://music.163.com/#/playlist?id=137604573,魏利强,https://music.163.com/#/user/home?id=31183270
说唱不过是在跟鼓点接吻,5857,https://music.163.com/#/playlist?id=4962872771,nopenopenope_,https://music.163.com/#/user/home?id=1960685419
王瀚博的劲炫歌单,5840,https://music.163.com/#/playlist?id=5142475205,TLepiil,https://music.163.com/#/user/home?id=3358777054
港台流行的美好记忆,5836,https://music.163.com/#/playlist?id=79260936,彧爸,https://music.163.com/#/user/home?id=9033510
FUNKY IN LIFE.,5836,https://music.163.com/#/playlist?id=471848242,PISKNO,https://music.163.com/#/user/home?id=257205341
漂亮男孩zym,5824,https://music.163.com/#/playlist?id=598416613,eyelikes,https://music.163.com/#/user/home?id=349416975
怀念 -- 台湾情歌（陈思安）,5769,https://music.163.com/#/playlist?id=319340563,乐伴歌声,https://music.163.com/#/user/home?id=2236301
best love,5740,https://music.163.com/#/playlist?id=2038746456,Areol1,https://music.163.com/#/user/home?id=398888032
"Soul, Funk & R&B",5719,https://music.163.com/#/playlist?id=2830268532,Funky小白菜,https://music.163.com/#/user/home?id=319694925
KISSUSOFT,5702,https://music.163.com/#/playlist?id=890735979,单曲循环至随机播放,https://music.163.com/#/user/home?id=425280567
经典粤语（老屎乎专属）,5693,https://music.163.com/#/playlist?id=424764604,只喝美式的小王,https://music.163.com/#/user/home?id=270262164
内心丰盈者，独行也如众,5668,https://music.163.com/#/playlist?id=5307800821,艾乐君_Alj,https://music.163.com/#/user/home?id=1422874746
金色晨光·经典国语老歌·藏在记忆中的回忆,5668,https://music.163.com/#/playlist?id=638137546,晨光ZHX,https://music.163.com/#/user/home?id=441129758
高达UC纪元,5664,https://music.163.com/#/playlist?id=2715139564,百夫长不列颠的逆袭,https://music.163.com/#/user/home?id=1537154025
特救指令etc 混音,5660,https://music.163.com/#/playlist?id=2560382731,USAF_1947,https://music.163.com/#/user/home?id=343114091
七零后性感怀旧金曲,5643,https://music.163.com/#/playlist?id=3008752431,浮生难望月,https://music.163.com/#/user/home?id=455624860
听就完事儿了,5643,https://music.163.com/#/playlist?id=361739840,以必成之心,https://music.163.com/#/user/home?id=106869569
Tursungul Kadir,5630,https://music.163.com/#/playlist?id=5301660614,Jurat-Official,https://music.163.com/#/user/home?id=1591890858
武林外传游戏背景音乐（90级怀旧版）,5609,https://music.163.com/#/playlist?id=952487911,世间萧索,https://music.163.com/#/user/home?id=253065695
【天朝专业汉化组】,5542,https://music.163.com/#/playlist?id=158396007,奔跑吧小何,https://music.163.com/#/user/home?id=114525578
闽南语情歌大对唱,5534,https://music.163.com/#/playlist?id=79882542,mosidili,https://music.163.com/#/user/home?id=15450019
中文说唱唱唱唱唱唱翻唱,5521,https://music.163.com/#/playlist?id=5479100153,陈罗绮,https://music.163.com/#/user/home?id=509115239
8090后带父母去KTV必点歌单,5496,https://music.163.com/#/playlist?id=2110093190,哇卡巴卡蹦,https://music.163.com/#/user/home?id=6961591
莫道彼此长和短,5420,https://music.163.com/#/playlist?id=2181300161,冷场Blitz,https://music.163.com/#/user/home?id=316425092
老年人必备系列,5387,https://music.163.com/#/playlist?id=533023227,DMinorc,https://music.163.com/#/user/home?id=361280562
HHHHHH—P,5332,https://music.163.com/#/playlist?id=7017869252,13号门_,https://music.163.com/#/user/home?id=3985401311
爸妈最爱之经典闽南语,5257,https://music.163.com/#/playlist?id=2250806295,Camille_2020,https://music.163.com/#/user/home?id=336509830
The Summer Palace,5219,https://music.163.com/#/playlist?id=567618417,Jeffreyqwq,https://music.163.com/#/user/home?id=40508701
find you,5215,https://music.163.com/#/playlist?id=2521382007,cc23i,https://music.163.com/#/user/home?id=412515807
SingerMusic,5174,https://music.163.com/#/playlist?id=148568064,Flouis,https://music.163.com/#/user/home?id=59833415
邵氏电影 配乐,5156,https://music.163.com/#/playlist?id=5293510461,口十虫,https://music.163.com/#/user/home?id=50714596
2018金光灿烂徐小凤演唱会第二场歌单,5152,https://music.163.com/#/playlist?id=2413132809,16楼看风景,https://music.163.com/#/user/home?id=17607319
75后老爸老妈95后还能接受的歌单,5122,https://music.163.com/#/playlist?id=7765456038,plsletitgo,https://music.163.com/#/user/home?id=543758113
千万别在驾驶时听海盗电台!,5114,https://music.163.com/#/playlist?id=81525308,树影捕梦网,https://music.163.com/#/user/home?id=67161947
Clear flash,5093,https://music.163.com/#/playlist?id=2920388259,秋天的夏日微风,https://music.163.com/#/user/home?id=555648937
母上大人的歌单,5084,https://music.163.com/#/playlist?id=897478627,MajoyTom_,https://music.163.com/#/user/home?id=352817417
70后 80后怀旧古典音乐歌曲 回忆童年的时光,5059,https://music.163.com/#/playlist?id=3220647277,东方拾月,https://music.163.com/#/user/home?id=357398620
90后的年龄70后的心,5042,https://music.163.com/#/playlist?id=65180949,大哥易振华,https://music.163.com/#/user/home?id=61370700
如梦如幻那时代,5038,https://music.163.com/#/playlist?id=2783936016,自嗨重病患,https://music.163.com/#/user/home?id=58999740
等你伤心时候点播,5030,https://music.163.com/#/playlist?id=615762757,泽泽以泽泽,https://music.163.com/#/user/home?id=395229970
Walkman 下班放松，一天压力全变没,5026,https://music.163.com/#/playlist?id=2226820575,77和77777,https://music.163.com/#/user/home?id=131314410
孟庭苇私房精选,5000,https://music.163.com/#/playlist?id=28504773,宫脇小桜花,https://music.163.com/#/user/home?id=224127
经典怀旧|致敬青春|＃70 80 90 ,4984,https://music.163.com/#/playlist?id=8376046862,1816M,https://music.163.com/#/user/home?id=30972819
西游记之大圣归来(回忆经典),4984,https://music.163.com/#/playlist?id=88651372,艹毛线艹,https://music.163.com/#/user/home?id=78522779
把父母的歌唱给我的孩子听【美国◆6070】,4963,https://music.163.com/#/playlist?id=23981505,惜金,https://music.163.com/#/user/home?id=5783829
Retro Funky Party Music,4954,https://music.163.com/#/playlist?id=716604549,人民中路的吴彦祖,https://music.163.com/#/user/home?id=2759497
中国流行音乐42年发展史（70年到12年）,4929,https://music.163.com/#/playlist?id=767342625,xankdj,https://music.163.com/#/user/home?id=119257618
60后经典【老爸钦点…】,4904,https://music.163.com/#/playlist?id=2092024898,A-lone-Walker,https://music.163.com/#/user/home?id=61417843
邓丽君翻唱过的英文歌,4837,https://music.163.com/#/playlist?id=2997300689,太阳宫战神,https://music.163.com/#/user/home?id=102077881
本水水公主喜爱的洗澡金曲,4832,https://music.163.com/#/playlist?id=953990119,卡夫卡Eren,https://music.163.com/#/user/home?id=517689268
For Old Time Sake(40s-80s),4828,https://music.163.com/#/playlist?id=2015912457,BBBlackBoard,https://music.163.com/#/user/home?id=108158017
❤邓丽君小姐给我的童年乡间小路记忆,4816,https://music.163.com/#/playlist?id=1992660465,第五人格萌哥,https://music.163.com/#/user/home?id=49366712
“老年人听KPOP”,4803,https://music.163.com/#/playlist?id=47233394,Gen叔叔,https://music.163.com/#/user/home?id=1412055
病某独享音乐丝滑,4769,https://music.163.com/#/playlist?id=4992716799,今天要来点星光熠熠吗,https://music.163.com/#/user/home?id=2004392240
比起当今流行我还是愿意听这个,4769,https://music.163.com/#/playlist?id=21672769,满身流气,https://music.163.com/#/user/home?id=6400553
小时候妈妈对我讲,4744,https://music.163.com/#/playlist?id=97508343,保安大大大队长,https://music.163.com/#/user/home?id=15993482
7080经典老歌汇总……持续更新,4715,https://music.163.com/#/playlist?id=2238671852,坏人不坏人,https://music.163.com/#/user/home?id=361394851
经典华语，一抹美丽,4700,https://music.163.com/#/playlist?id=10762019,好士的名字,https://music.163.com/#/user/home?id=3649908
你什么时候才能长大,4677,https://music.163.com/#/playlist?id=621280689,你很奇怪诶丶,https://music.163.com/#/user/home?id=432989039
ドラえもん（哆啦A梦歌曲大全集）,4660,https://music.163.com/#/playlist?id=2066741068,小橙小盆友--,https://music.163.com/#/user/home?id=419721420
经典欧美老歌,4656,https://music.163.com/#/playlist?id=2354953061,Black-Mobs-Y,https://music.163.com/#/user/home?id=1488937232
Confidence is the pinnacle,4648,https://music.163.com/#/playlist?id=6986030997,不搞无脑社交,https://music.163.com/#/user/home?id=1909198285
无论爱到第几多年，亲吻亦会心跳,4610,https://music.163.com/#/playlist?id=572865971,hiki-up,https://music.163.com/#/user/home?id=308514313
【90年代】最受欢迎的内地歌曲,4597,https://music.163.com/#/playlist?id=864815270,橙色100天,https://music.163.com/#/user/home?id=75192089
说唱gdcv,4593,https://music.163.com/#/playlist?id=6909298730,不认识物理老师,https://music.163.com/#/user/home?id=5132780179
假面骑士(天空骑士),4593,https://music.163.com/#/playlist?id=5082553051,老天刃屑辈,https://music.163.com/#/user/home?id=508406607
老年人听的歌,4589,https://music.163.com/#/playlist?id=5044448124,烟斗丶老哥,https://music.163.com/#/user/home?id=1801537014
Mr trot,4585,https://music.163.com/#/playlist?id=3222723848,忌娃娃粉丝后援会,https://music.163.com/#/user/home?id=1373755579
KTTTTTT,4564,https://music.163.com/#/playlist?id=327862793,锄小明,https://music.163.com/#/user/home?id=120088750
人生何处不相逢，好久不见,4556,https://music.163.com/#/playlist?id=56517993,时光倒流么,https://music.163.com/#/user/home?id=5858363
电脑D盘大杂烩。。。,4547,https://music.163.com/#/playlist?id=2118298546,季子诚,https://music.163.com/#/user/home?id=119752343
清水别被浑水上色,4538,https://music.163.com/#/playlist?id=3136230000,Ye-M-J,https://music.163.com/#/user/home?id=1360698899
70后/80后 粤语经典老歌,4534,https://music.163.com/#/playlist?id=2610227426,Dark_SosoYEJ,https://music.163.com/#/user/home?id=333297325
我起了，一枪秒了，有什么好说的？,4484,https://music.163.com/#/playlist?id=2675054688,Lemon-0v0-,https://music.163.com/#/user/home?id=550497342
GTA SA. K-DST,4450,https://music.163.com/#/playlist?id=164643921,梦觉爱心寒,https://music.163.com/#/user/home?id=50660193
那些歌原唱是日语,4432,https://music.163.com/#/playlist?id=23402312,帐号已注销,https://music.163.com/#/user/home?id=31222224
归来的奥特曼——帰ってきたウルトラマン,4425,https://music.163.com/#/playlist?id=3015987278,玩网易的哈乃次郎,https://music.163.com/#/user/home?id=1465495669
他希冀天国的锦缎,4404,https://music.163.com/#/playlist?id=2490104396,星海浪漫子民,https://music.163.com/#/user/home?id=577083725
十二大美女wind版,4404,https://music.163.com/#/playlist?id=484081518,智愚wind,https://music.163.com/#/user/home?id=111766421
红星生产社合辑1至6,4403,https://music.163.com/#/playlist?id=4260149,MEDO5DK,https://music.163.com/#/user/home?id=58564
山地摇滚Rockabilly,4375,https://music.163.com/#/playlist?id=1984917806,该用户再生气也不会注销,https://music.163.com/#/user/home?id=326942968
一人一首金曲,4333,https://music.163.com/#/playlist?id=34520469,Just-Fun,https://music.163.com/#/user/home?id=33646070
nature,4320,https://music.163.com/#/playlist?id=2712401228,carry参c,https://music.163.com/#/user/home?id=1775094985
不老情歌 粤唱粤爱,4285,https://music.163.com/#/playlist?id=45192361,JP_Liou,https://music.163.com/#/user/home?id=267792
哪有人会喜欢孤独，,4282,https://music.163.com/#/playlist?id=604605441,薄荷l微凉,https://music.163.com/#/user/home?id=312667476
东方红 纯音乐与震撼人心的合唱,4265,https://music.163.com/#/playlist?id=7073288094,Back-wave,https://music.163.com/#/user/home?id=3251268423
Queen (皇后乐队),4265,https://music.163.com/#/playlist?id=2817822302,一般通行d饼干爱好者,https://music.163.com/#/user/home?id=1595408858
青行灯灯灯灯灯灯灯,4219,https://music.163.com/#/playlist?id=4867129276,红领巾_v,https://music.163.com/#/user/home?id=1646046652
HALF OF MY HEART,4219,https://music.163.com/#/playlist?id=3038566339,困倦的杰克,https://music.163.com/#/user/home?id=274633889
ν.前奏控——长前奏歌曲,4209,https://music.163.com/#/playlist?id=4980005,完美的灵魂,https://music.163.com/#/user/home?id=136616
爸爸的车载音乐歌单,4202,https://music.163.com/#/playlist?id=817917472,________________________--,https://music.163.com/#/user/home?id=254647942
together,4194,https://music.163.com/#/playlist?id=6839297538,周三去吃麦当劳,https://music.163.com/#/user/home?id=1793009889
Droscar Sage Music,4148,https://music.163.com/#/playlist?id=2754521953,a你认识李大白嘛i,https://music.163.com/#/user/home?id=1626083203
你在骚扰佛心，俺在参悟红尘O_o,4144,https://music.163.com/#/playlist?id=35025083,卫沈岚婕的歌,https://music.163.com/#/user/home?id=3723008
陕北民歌精选,4110,https://music.163.com/#/playlist?id=2107478590,蝴蝶效应器,https://music.163.com/#/user/home?id=64605008
经典老歌怀念过去,4093,https://music.163.com/#/playlist?id=2947702106,妹妹真漂亮-,https://music.163.com/#/user/home?id=107531325
欧姆盗用焦耳的发明帮霍金获得特斯拉文学奖,4087,https://music.163.com/#/playlist?id=7133891275,传思树枝,https://music.163.com/#/user/home?id=4956387921
妈妈爱听的老歌,4085,https://music.163.com/#/playlist?id=2235113976,立英老大妈,https://music.163.com/#/user/home?id=1450347704
老爸老妈的回忆,4085,https://music.163.com/#/playlist?id=76341450,玲珑骰子安红豆LJ,https://music.163.com/#/user/home?id=17807514
上世纪七十年代怀念曲目,4085,https://music.163.com/#/playlist?id=2362236255,颜韩_,https://music.163.com/#/user/home?id=1485754995
Bpm 165 跑步音乐,4051,https://music.163.com/#/playlist?id=377664115,zz_33,https://music.163.com/#/user/home?id=271369130
茶太茶太茶太太！,4051,https://music.163.com/#/playlist?id=400892301,茶音太,https://music.163.com/#/user/home?id=271022275
听歌谣们在Solo.,3984,https://music.163.com/#/playlist?id=2269924471,梦露Buff,https://music.163.com/#/user/home?id=293243351
二十年前听的歌_记忆中的经典,3980,https://music.163.com/#/playlist?id=2808043939,-就-这样吧,https://music.163.com/#/user/home?id=585739461
听，这是他们一起走过的青春！,3967,https://music.163.com/#/playlist?id=69636537,111115454613,https://music.163.com/#/user/home?id=55471639
【林忆莲自选集】,3876,https://music.163.com/#/playlist?id=7754848,鱼_你的月亮,https://music.163.com/#/user/home?id=6996285
怀旧经典：历经风吹雨打，看沧桑变化,2300,https://music.163.com/#/playlist?id=8405696326,开心军山,https://music.163.com/#/user/home?id=8551189152
Kremini,1813,https://music.163.com/#/playlist?id=8427194881,网易云音乐,https://music.163.com/#/user/home?id=1
我们分开也已经两年多了,1712,https://music.163.com/#/playlist?id=8300781608,郝玉彬-郝帅琪,https://music.163.com/#/user/home?id=2061797411
許冠傑2023此時此處演唱會「首場」,1401,https://music.163.com/#/playlist?id=8296695461,冷冷不是天使,https://music.163.com/#/user/home?id=618926582
经典老歌100首｜7080后往事只能回味,1279,https://music.163.com/#/playlist?id=8492448844,执剑稳,https://music.163.com/#/user/home?id=290894929
听着没有束缚感,910,https://music.163.com/#/playlist?id=8395972665,Lucifer_MchU,https://music.163.com/#/user/home?id=510340215
Yellow Magic Orchestra 70s东瀛电子浪潮,830,https://music.163.com/#/playlist?id=8422310608,网易云音乐,https://music.163.com/#/user/home?id=1
听中文说唱听的,737,https://music.163.com/#/playlist?id=8270056425,eqoxos-,https://music.163.com/#/user/home?id=1376749089
齐秦，无法复制和继承的齐秦,653,https://music.163.com/#/playlist?id=8416046921,谛释玄觉,https://music.163.com/#/user/home?id=443544986
let’s get it,611,https://music.163.com/#/playlist?id=8285253460,200savage,https://music.163.com/#/user/home?id=1540720345
一人几首经典之作,456,https://music.163.com/#/playlist?id=8390442877,Badlovski_Jack,https://music.163.com/#/user/home?id=7808749647
今天听歌了吗,414,https://music.163.com/#/playlist?id=8283826265,纯爱战神老韩,https://music.163.com/#/user/home?id=370680783
beyond 王桀,406,https://music.163.com/#/playlist?id=8367820242,A丶gneta,https://music.163.com/#/user/home?id=8518418139
taranqi kuy 伊犁民歌,393,https://music.163.com/#/playlist?id=8282987365,叶erxat,https://music.163.com/#/user/home?id=3244413300
关于一些城市的记忆,271,https://music.163.com/#/playlist?id=8374507612,云村村民162642125100414,https://music.163.com/#/user/home?id=5089766330
宇宇Bond ,217,https://music.163.com/#/playlist?id=8400319987,Nayiyuil,https://music.163.com/#/user/home?id=1420201429
徐梓策最旋转炸裂死亡推荐精简整编30首,208,https://music.163.com/#/playlist?id=8299553544,空穴来风BBB,https://music.163.com/#/user/home?id=532592511
华语乐坛总榜,204,https://music.163.com/#/playlist?id=8383874585,訨_ODuR,https://music.163.com/#/user/home?id=445118338
Atux Halik Nahxilliri,175,https://music.163.com/#/playlist?id=8441356766,网易云音乐,https://music.163.com/#/user/home?id=1
Queen Forever,164,https://music.163.com/#/playlist?id=8378405746,一只虔州龙,https://music.163.com/#/user/home?id=1592407020
听着鼓点维持生活这样,152,https://music.163.com/#/playlist?id=8437682203,如果没忘记她我头像就还是她,https://music.163.com/#/user/home?id=3301200655
[怀旧]经典金曲-精选版（乱序）,146,https://music.163.com/#/playlist?id=8401612901,-Adam_Taurus-,https://music.163.com/#/user/home?id=392833087
CITY POP,146,https://music.163.com/#/playlist?id=8309677308,不如在屋里,https://music.163.com/#/user/home?id=3967138675
不 要 那 么 痛 苦 拜 托...,145,https://music.163.com/#/playlist?id=8443891962,我-被-沉-默-了,https://music.163.com/#/user/home?id=1401420657
UNLIMITED,145,https://music.163.com/#/playlist?id=8292934100,xss1r,https://music.163.com/#/user/home?id=5120985759
香港粤语歌七八十年代怀旧,139,https://music.163.com/#/playlist?id=8306397052,凉风习习2022,https://music.163.com/#/user/home?id=1872066250
港粤经典女声「永不过时」持续更新,134,https://music.163.com/#/playlist?id=8445656255,王巨多,https://music.163.com/#/user/home?id=1444513814
腊肠犬平安警局,130,https://music.163.com/#/playlist?id=8424058206,Buster2fish,https://music.163.com/#/user/home?id=1718797968
曾孙儿创建的优质歌单,130,https://music.163.com/#/playlist?id=8305881210,Y17Kitty,https://music.163.com/#/user/home?id=2025017300
主打一个我真帅,128,https://music.163.com/#/playlist?id=8475361452,口喝牛奶,https://music.163.com/#/user/home?id=2068352490
黄依灵大帅哥和罗月蠢人的歌单,128,https://music.163.com/#/playlist?id=8385251672,荒慌谎Ee000_,https://music.163.com/#/user/home?id=1824366638
高棉电台-高棉风情摇滚音乐,123,https://music.163.com/#/playlist?id=8299699527,心地善良的波波,https://music.163.com/#/user/home?id=5123331182
黄毛共享歌单,116,https://music.163.com/#/playlist?id=8439575526,chosen1133,https://music.163.com/#/user/home?id=302317807
经典老歌合集回忆年代,109,https://music.163.com/#/playlist?id=8373620256,蛋饼不要盐,https://music.163.com/#/user/home?id=3973747915
小学生的最爱,101,https://music.163.com/#/playlist?id=8269824688,随便想一个网名,https://music.163.com/#/user/home?id=1890486880
不知道自己 为什么爱你,94,https://music.163.com/#/playlist?id=8287521945,总有一束光等着你们,https://music.163.com/#/user/home?id=130921834
美好回忆「开往青春岁月的列车」,92,https://music.163.com/#/playlist?id=8509383951,执剑稳,https://music.163.com/#/user/home?id=290894929
89年上录音乐万花筒流行歌曲排行榜,92,https://music.163.com/#/playlist?id=8458592787,louisuk,https://music.163.com/#/user/home?id=467603752
甲壳虫汁儿乐队,92,https://music.163.com/#/playlist?id=8452721441,Hxhncy,https://music.163.com/#/user/home?id=541799477
宣大小姐和徐少的歌单,91,https://music.163.com/#/playlist?id=8400747982,逃花劫彡,https://music.163.com/#/user/home?id=1689698978
儿时候在车上听的老歌,89,https://music.163.com/#/playlist?id=8449417633,你个BB猪,https://music.163.com/#/user/home?id=470508396
公司贴AE有机内战OST歌单,89,https://music.163.com/#/playlist?id=8268735380,达瓦里氏星雪,https://music.163.com/#/user/home?id=6420338479
经典70后80后歌曲捏,89,https://music.163.com/#/playlist?id=8439601367,LloydSing,https://music.163.com/#/user/home?id=101109986
品味素质修养都很高,85,https://music.163.com/#/playlist?id=8377622293,Deadmau11,https://music.163.com/#/user/home?id=367942789
目前喜欢的歌,83,https://music.163.com/#/playlist?id=8288242836,黄大灿灿,https://music.163.com/#/user/home?id=589545405
苏联流行乐选,82,https://music.163.com/#/playlist?id=8403022290,埃雅仁迪尔爱国阵线,https://music.163.com/#/user/home?id=2142750616
我们是，原荒子电！,78,https://music.163.com/#/playlist?id=8414595759,OG_is_dead,https://music.163.com/#/user/home?id=126165074
Guardians Of the Galaxy Vol.3,78,https://music.163.com/#/playlist?id=8306123021,sucreme,https://music.163.com/#/user/home?id=1455126638
主打的就是旋律,78,https://music.163.com/#/playlist?id=8282557435,不搞无脑社交,https://music.163.com/#/user/home?id=1909198285
蒸汽波♡﻿古典与未来的完美融合,76,https://music.163.com/#/playlist?id=8484917056,Bbbb-D517,https://music.163.com/#/user/home?id=7993285375
说唱的神【国语说唱】,76,https://music.163.com/#/playlist?id=8410387482,挚爱wgj,https://music.163.com/#/user/home?id=5088428611
岁月沉淀经典,76,https://music.163.com/#/playlist?id=8282558620,王钰青年,https://music.163.com/#/user/home?id=546081749
卡车司机阿龙,73,https://music.163.com/#/playlist?id=8423002345,小深儿儿儿,https://music.163.com/#/user/home?id=258450603
「band」轻音/摇滚,73,https://music.163.com/#/playlist?id=8456979402,ClaSsy_sTilL,https://music.163.com/#/user/home?id=1910761507
聋子听见哑巴说瞎子看见爱,69,https://music.163.com/#/playlist?id=8446537790,伪艺术鉴赏家,https://music.163.com/#/user/home?id=35994162
Faust in Rain,69,https://music.163.com/#/playlist?id=8308284403,MaximilienR0bespierre,https://music.163.com/#/user/home?id=128694714
涩情苹果｜给爱喝酒想抽烟的灰原 company,65,https://music.163.com/#/playlist?id=8481603746,小香宝_,https://music.163.com/#/user/home?id=18126814
【怀旧】旧时光里的纸飞机,62,https://music.163.com/#/playlist?id=8484498072,用户不存在惹,https://music.163.com/#/user/home?id=8007702682
元稹稹稹rap start,58,https://music.163.com/#/playlist?id=8300008800,哈哈哈哈哈_Tf35,https://music.163.com/#/user/home?id=7990241735
半缘修道半缘“君”,56,https://music.163.com/#/playlist?id=8379390106,九尾香狐妃,https://music.163.com/#/user/home?id=313451056
我喜欢你dj,56,https://music.163.com/#/playlist?id=8385168454,mamtile,https://music.163.com/#/user/home?id=320113706
Love Will Find A Way,56,https://music.163.com/#/playlist?id=8305058772,人间搁浅指南,https://music.163.com/#/user/home?id=14214431
老姜的云音乐,49,https://music.163.com/#/playlist?id=8420108308,老姜的云音乐,https://music.163.com/#/user/home?id=8563907104
Couch Potato,49,https://music.163.com/#/playlist?id=8265330866,站在那棵树下,https://music.163.com/#/user/home?id=1390342371
佳磊磊磊磊专属,47,https://music.163.com/#/playlist?id=8293250489,曾與幸福相隨,https://music.163.com/#/user/home?id=8172794011
CITY POP,47,https://music.163.com/#/playlist?id=8404247478,BeverlyFox,https://music.163.com/#/user/home?id=484699430
五彩缤纷的曲,47,https://music.163.com/#/playlist?id=8286726765,牛肉潘安,https://music.163.com/#/user/home?id=558830417
1962年冰墩墩和伶伶小时候最喜欢听的童年歌,46,https://music.163.com/#/playlist?id=8443920958,米加托卡的爱好者小伶,https://music.163.com/#/user/home?id=8459426960
COLD WAR COMING（冷战来临）,46,https://music.163.com/#/playlist?id=8281541135,岡崎Sakura,https://music.163.com/#/user/home?id=341156055
大体老师的最爱,46,https://music.163.com/#/playlist?id=8389571550,好些雨,https://music.163.com/#/user/home?id=8308846518
给未来的ta,44,https://music.163.com/#/playlist?id=8395804099,网易云音乐,https://music.163.com/#/user/home?id=1
『最爱许美静』95遗憾+96夜归人,42,https://music.163.com/#/playlist?id=8441658612,你好西尼沙教师,https://music.163.com/#/user/home?id=637526828
苏菲·珊曼妮 yydns,40,https://music.163.com/#/playlist?id=8385165488,Wpt28336,https://music.163.com/#/user/home?id=110364356
{上世纪摇滚}荒木的高品质歌单,38,https://music.163.com/#/playlist?id=8288155880,洛夫25,https://music.163.com/#/user/home?id=1801674636
關正傑、許冠傑,38,https://music.163.com/#/playlist?id=8440956466,智傑國畵,https://music.163.com/#/user/home?id=7992457798
我的小香菜聪明宝宝,38,https://music.163.com/#/playlist?id=8344424000,何时会飞adit,https://music.163.com/#/user/home?id=1438028110
自由自在，无拘无束,37,https://music.163.com/#/playlist?id=8414004898,听一曲团圆,https://music.163.com/#/user/home?id=8216144236
无敌炸裂歌单之我是江宇静她爹,33,https://music.163.com/#/playlist?id=8454240432,姑娘几多情o,https://music.163.com/#/user/home?id=1704859453
n2我求求你了,33,https://music.163.com/#/playlist?id=8304493720,-无妹恨穹不是妹-,https://music.163.com/#/user/home?id=349460803
和我听一样的歌就是暗恋哥,29,https://music.163.com/#/playlist?id=8432119116,覃宪涛,https://music.163.com/#/user/home?id=3923083551
不要跟我说再见,29,https://music.163.com/#/playlist?id=8395832329,过错罢了,https://music.163.com/#/user/home?id=3891812232
歌单《是我姜涵这个有品位的人建的》,28,https://music.163.com/#/playlist?id=8309401591,闪闪发亮葡萄,https://music.163.com/#/user/home?id=6325868904
深切悼念團時郎先生,28,https://music.163.com/#/playlist?id=8300546478,DESIREGRANDPRIX,https://music.163.com/#/user/home?id=5192654321
伸手也触不到天空,28,https://music.163.com/#/playlist?id=8369412391,全州落暴雨,https://music.163.com/#/user/home?id=8521071141
5+7最爱的musics,28,https://music.163.com/#/playlist?id=8285927321,小李不当舔狗,https://music.163.com/#/user/home?id=3365906060
小岩and小莹,28,https://music.163.com/#/playlist?id=8305088043,忧伤小莹,https://music.163.com/#/user/home?id=6489433466
实力无需证明，高手无需质疑,26,https://music.163.com/#/playlist?id=8458930905,好像疏远了,https://music.163.com/#/user/home?id=3382210781
阴 暗 币 怎 么 你 了,26,https://music.163.com/#/playlist?id=8434603899,白菜和白菜和白菜,https://music.163.com/#/user/home?id=1506289610
Tursungul Qadir 吐逊古力·卡迪尔,26,https://music.163.com/#/playlist?id=8445902828,ABDUXKUER,https://music.163.com/#/user/home?id=8521470840
耗子行＆无趣小璇,26,https://music.163.com/#/playlist?id=8396652357,BAMELODY,https://music.163.com/#/user/home?id=5135585731
【粤金曲】7080后的往昔纯真的年代,24,https://music.163.com/#/playlist?id=8509481746,执剑稳,https://music.163.com/#/user/home?id=290894929
香港歌壇的昨天「粵語」,24,https://music.163.com/#/playlist?id=8379052630,冷冷不是天使,https://music.163.com/#/user/home?id=618926582
Today longs u,24,https://music.163.com/#/playlist?id=8484853366,Hho-05号机,https://music.163.com/#/user/home?id=1836887751
云闲孤...+雨凡凡...的共享歌单,22,https://music.163.com/#/playlist?id=8453763350,云闲孤鸟飞鹤,https://music.163.com/#/user/home?id=1968616355
【怀旧】七零八零后老歌金曲,22,https://music.163.com/#/playlist?id=8271334582,谭小质,https://music.163.com/#/user/home?id=8127023612
The setting sun Red,20,https://music.163.com/#/playlist?id=8391284651,_AgoniHh,https://music.163.com/#/user/home?id=1316360711
张学友60+世界巡回演唱会,19,https://music.163.com/#/playlist?id=8483380293,vincent_tbin,https://music.163.com/#/user/home?id=276857143
哥最近的歌单有点野,19,https://music.163.com/#/playlist?id=8299143846,CL-哥哥,https://music.163.com/#/user/home?id=114586741
我的私人FM,17,https://music.163.com/#/playlist?id=8294774461,我不是宋拍拍,https://music.163.com/#/user/home?id=562198897
lad是zz,17,https://music.163.com/#/playlist?id=8304571679,黑桃啊呜,https://music.163.com/#/user/home?id=2061475973
华语群星｜一人一首成名曲,15,https://music.163.com/#/playlist?id=8465021867,顾小辰音乐,https://music.163.com/#/user/home?id=385518663
迪斯科-猛士一二三顺序集,13,https://music.163.com/#/playlist?id=8489247044,路陆常长,https://music.163.com/#/user/home?id=606485750
Adamoloon专属,13,https://music.163.com/#/playlist?id=8497742693,wolimoon,https://music.163.com/#/user/home?id=1569225379
why u so mad bruh,13,https://music.163.com/#/playlist?id=8271286194,沧苡桒,https://music.163.com/#/user/home?id=100848336
迪士尼在逃公主,13,https://music.163.com/#/playlist?id=8389630396,年年i祈岁安,https://music.163.com/#/user/home?id=3816426277
Halip Riyim,11,https://music.163.com/#/playlist?id=8445703764,ABDUXKUER,https://music.163.com/#/user/home?id=8521470840
音乐丨综合／杂项,11,https://music.163.com/#/playlist?id=8287266439,幼稚园放肆,https://music.163.com/#/user/home?id=313040289
林致远的哄睡歌单,10,https://music.163.com/#/playlist?id=8490624323,Roy是最棒的,https://music.163.com/#/user/home?id=561075088
幼儿班习梓璐,10,https://music.163.com/#/playlist?id=8393815235,冷冰冰_R0vW,https://music.163.com/#/user/home?id=8167629802
AblikimAbdurahman,10,https://music.163.com/#/playlist?id=8445967231,ABDUXKUER,https://music.163.com/#/user/home?id=8521470840
该来的总会来，该走的也无法挽留。,10,https://music.163.com/#/playlist?id=8293582467,游在城,https://music.163.com/#/user/home?id=628051912
湾湾什么时候回家。,8,https://music.163.com/#/playlist?id=8485198109,1198公里-Munich,https://music.163.com/#/user/home?id=4044738430
mattohti sattar,8,https://music.163.com/#/playlist?id=8445695758,ABDUXKUER,https://music.163.com/#/user/home?id=8521470840
AnwarTurak,8,https://music.163.com/#/playlist?id=8445926912,ABDUXKUER,https://music.163.com/#/user/home?id=8521470840
My RICH Father,8,https://music.163.com/#/playlist?id=8447570340,拉屎最最大,https://music.163.com/#/user/home?id=3718833024
mahmut。sulayman ,8,https://music.163.com/#/playlist?id=8291562689,小艾0418,https://music.163.com/#/user/home?id=8000813225
Anwar tursun,6,https://music.163.com/#/playlist?id=8445673808,ABDUXKUER,https://music.163.com/#/user/home?id=8521470840
ablat mijit talba,6,https://music.163.com/#/playlist?id=8445923729,ABDUXKUER,https://music.163.com/#/user/home?id=8521470840
Tursunjan Ebrayim,6,https://music.163.com/#/playlist?id=8445650868,ABDUXKUER,https://music.163.com/#/user/home?id=8521470840
Ahmatjan Ruzi,6,https://music.163.com/#/playlist?id=8445959419,ABDUXKUER,https://music.163.com/#/user/home?id=8521470840
for zsy,6,https://music.163.com/#/playlist?id=8494037707,estherseymour12,https://music.163.com/#/user/home?id=3342155820
leisure'tree,6,https://music.163.com/#/playlist?id=8427010788,景哉,https://music.163.com/#/user/home?id=411942792
Cholpan Yunus桥丽拜,6,https://music.163.com/#/playlist?id=8445956486,ABDUXKUER,https://music.163.com/#/user/home?id=8521470840
满大街播放的时代神曲,4,https://music.163.com/#/playlist?id=8511456651,云村村民168775154807780,https://music.163.com/#/user/home?id=8645768252
Cholpan Yunus歌集,4,https://music.163.com/#/playlist?id=8445936288,ABDUXKUER,https://music.163.com/#/user/home?id=8521470840
Mawlan Niyaz,4,https://music.163.com/#/playlist?id=8445943533,ABDUXKUER,https://music.163.com/#/user/home?id=8521470840
Halida-Imam,4,https://music.163.com/#/playlist?id=8445929429,ABDUXKUER,https://music.163.com/#/user/home?id=8521470840
rena ruzi,4,https://music.163.com/#/playlist?id=8445683796,ABDUXKUER,https://music.163.com/#/user/home?id=8521470840
hoxur kari,4,https://music.163.com/#/playlist?id=8445678738,ABDUXKUER,https://music.163.com/#/user/home?id=8521470840
tayir muhammat,4,https://music.163.com/#/playlist?id=8445919824,ABDUXKUER,https://music.163.com/#/user/home?id=8521470840
mammat abay,4,https://music.163.com/#/playlist?id=8445722685,ABDUXKUER,https://music.163.com/#/user/home?id=8521470840
Eminniyaz Yusayin,4,https://music.163.com/#/playlist?id=8445931088,ABDUXKUER,https://music.163.com/#/user/home?id=8521470840
王涵从 sun 那偷来的部屋,2,https://music.163.com/#/playlist?id=8453914495,涵涵涵涵我,https://music.163.com/#/user/home?id=8593537765
Sawirdin Imam,2,https://music.163.com/#/playlist?id=8445909639,ABDUXKUER,https://music.163.com/#/user/home?id=8521470840
Beyond,2,https://music.163.com/#/playlist?id=8509019817,为爱而奋斗的我,https://music.163.com/#/user/home?id=6482817675
Guljannat Husan,1,https://music.163.com/#/playlist?id=8445937539,ABDUXKUER,https://music.163.com/#/user/home?id=8521470840
Abdukadir -Yareli,1,https://music.163.com/#/playlist?id=8445668799,ABDUXKUER,https://music.163.com/#/user/home?id=8521470840
Zahir Burhan,1,https://music.163.com/#/playlist?id=8445937976,ABDUXKUER,https://music.163.com/#/user/home?id=8521470840
nurnisa abbas,1,https://music.163.com/#/playlist?id=8445952349,ABDUXKUER,https://music.163.com/#/user/home?id=8521470840
Sing a song,1,https://music.163.com/#/playlist?id=8307431103,布丁天时,https://music.163.com/#/user/home?id=120287310
Xakir Rehimjan,0,https://music.163.com/#/playlist?id=8445675721,ABDUXKUER,https://music.163.com/#/user/home?id=8521470840
murat muhtar,0,https://music.163.com/#/playlist?id=8445722683,ABDUXKUER,https://music.163.com/#/user/home?id=8521470840
nazar bak,0,https://music.163.com/#/playlist?id=8445736689,ABDUXKUER,https://music.163.com/#/user/home?id=8521470840
